,metric_name,metric_id,mean_squarred_error,training_time,inference_time
0,cpu_prct_used,091c334c-a90a-4d8f-ba75-2c936220cd64,4.568239964771162,110.41129565238953,0.0626058578491211
1,messages_unacknowledged,fe897d86-1ea4-4e00-a018-5cd8702e96b3,89.13333531762261,101.2468569278717,0.07172465324401855
2,cpu_prct_used,cc0f3149-f443-4ba8-b8ae-931fedb52e82,9.396226377083224,110.41129565238953,0.06686043739318848
3,messages,32e3bff5-5ab7-491a-a1c0-cf3952ac5530,12.584926950623872,102.83129453659058,0.08443903923034668
4,cpu_usage,a88abad6-0f29-4d5e-b688-ba698ab97d59,38.01458460351928,99.67228412628174,0.06548500061035156
5,consumers,81e5a28a-cbc1-4652-ad63-29d99142bace,0.04924189254337112,97.3181324005127,0.06285905838012695
6,ack,eff3da11-6f06-48a4-8187-35fdcded15ec,249.91868990233604,101.11349368095398,0.05656576156616211
7,ack,3436bacf-c5d3-4c51-8b3f-8196fddae06f,1.569872286759219,101.11349368095398,0.05382561683654785
8,cpu_usage,e7ea3817-6a9a-4eab-aa56-bb8bb3c0385a,37.75293119052562,99.67228412628174,0.06656980514526367
9,messages,406bb3d8-3043-4169-aa78-406dd46d26db,1088369.4205774067,102.83129453659058,0.07074236869812012
10,cpu_prct_used,05398140-2e37-4635-ad89-b48dc87fb26e,5.7312305778748405,110.41129565238953,0.07390189170837402
11,messages_ready,f0dd3b75-740a-4a37-bcef-9f78f4e35019,3.320792991428244,46.29642128944397,0.047386884689331055
12,messages_ready,a63e7c1e-f939-4f7c-9225-8d6a4ee335f8,3.320792847836888,46.29642128944397,0.06357550621032715
13,messages_ready,5ef49e43-2e64-4c4a-a766-1d83ce4fc921,10.283758628454885,46.29642128944397,0.06520509719848633
14,messages_ready,56443783-595c-4f64-a2cb-382be56ab9fa,530677.0707991819,46.29642128944397,0.06468868255615234
15,messages_ready,6874bc1f-b387-4464-b7c7-67e5f6f80a5b,1088380.9817669545,46.29642128944397,0.062047719955444336
16,messages_unacknowledged,2e6a0717-632b-486d-b254-2b57c11ef283,1.878182634684808,101.2468569278717,0.0739142894744873
17,ack,fcf0dce1-ec4d-437a-bff5-9e729993a5d6,1.569872210823556,101.11349368095398,0.0587005615234375
18,cpu_prct_used,439befad-05e4-4c4a-b858-b6b285d82300,14.554564315266417,110.41129565238953,0.06498980522155762
19,consumers,4583b548-0919-422e-84bd-7861d392be6c,2.3911776433706806,97.3181324005127,0.07098770141601562
20,cpu_prct_used,19de83dd-60a6-4b55-810d-e7c6522270d4,26.380557952602615,110.41129565238953,0.06914997100830078
21,messages,9bf7d77c-470b-4271-9842-3f39813df39d,607.9515040280762,102.83129453659058,0.07152271270751953
22,memoryConsumed,f943f1e8-4ebd-45b0-95ac-5fb0514e6b15,464856.2097509293,102.46603775024414,0.2065267562866211
23,cpu_prct_used,2c354d5d-5a3d-4281-ab05-3b0e8074cac4,5.447161455002974,110.41129565238953,0.06606483459472656
24,cpu_prct_used,1a78350c-5973-4525-a5a3-f8c9532c1300,28.709870303295194,110.41129565238953,0.06603312492370605
25,ack,b04775fb-05d1-4430-82b8-ccf012ffb951,4.980534045221491,101.11349368095398,0.0559694766998291
26,cpu_prct_used,99cfb50b-d959-40b5-b137-911a99d41eed,1.4807976430364118,110.41129565238953,0.21318960189819336
27,ack,83d9cb78-0b13-482b-91ef-e712e11829df,4.570659291730678,101.11349368095398,0.06210184097290039
28,messages_ready,5954115e-4dea-40b6-b29d-08a6ecaa90e9,3.320792847836888,46.29642128944397,0.0661017894744873
29,messages_unacknowledged,a704402a-78cf-4fc9-aad2-7e960865af94,2.0916709256477106,101.2468569278717,0.06962084770202637
30,cpu_prct_used,2883c27f-a3f0-4ebe-92eb-f59f58a67321,4.116106329297983,110.41129565238953,0.06284952163696289
31,memoryConsumed,6aa27981-dbbe-4b2a-888e-86ac62b627db,17132.149894277718,102.46603775024414,0.19471263885498047
32,cpu_prct_used,a55d4b31-c24f-45dc-ab83-1a49d2ca66dd,65.1585918344139,110.41129565238953,0.07428288459777832
33,cpu_prct_used,ac8519bc-2985-4869-8aa8-c5fdfc68ec44,3.9404472341229524,110.41129565238953,0.0709531307220459
34,cpu_usage,4b230578-a6b1-4b08-bc78-4caf3771c3f7,0.8804251537344203,99.67228412628174,0.2101447582244873
35,ack,0e33bc37-e207-4c4c-bad0-f8f9b7dc45a3,1.569872210823556,101.11349368095398,0.06304502487182617
36,messages_ready,c1551b0b-59c9-4520-a9aa-e37cf66e14d6,3.320792847836888,46.29642128944397,0.06907773017883301
37,cpu_prct_used,af33574c-c852-4b76-9e67-b19ad444250d,1.3913957838535516,110.41129565238953,0.0672750473022461
38,cpu_usage,7e4a1bad-0fa8-470b-bf78-97a4dc24f68f,1.0039805225253577,99.67228412628174,0.04477500915527344
39,messages,0835b76f-d695-4a13-b6e2-4a4617fd7338,4675.870614120968,102.83129453659058,0.07110309600830078
40,cpu,a81f3ad9-93cf-488c-8810-7dd44ef25a6e,2.7370532189443706,100.33719420433044,0.06449341773986816
41,cpu_prct_used,bc1494de-1529-4905-9fb3-51e440f7fa07,16.346005461006367,110.41129565238953,0.06770777702331543
42,consumers,ba4f28c7-fa97-4233-84bf-230457afce08,2.4296697389008686,97.3181324005127,0.08104991912841797
43,memoryConsumed,44203561-815a-48aa-ae9c-299eff0c64d8,33026.01738024129,102.46603775024414,0.04738283157348633
44,messages_unacknowledged,dbab29c2-a17b-4e2a-90a0-f18f513bfdc2,1.878182634684808,101.2468569278717,0.07268905639648438
45,cpu_ready,205c24a7-82be-44ab-86f8-0a680c1cd275,7.370391181491854,102.43326735496521,0.06509113311767578
46,messages_unacknowledged,049d35fa-af41-4479-ba7b-55873bfc377e,2.5268119240662275,101.2468569278717,0.06785869598388672
47,messages_unacknowledged,1abd43d3-55ba-4237-afbf-23f06414beea,1.878182634684808,101.2468569278717,0.05675768852233887
48,messages_ready,b7701594-0a23-47f7-a645-bcfd09a9001e,3.320792847836888,46.29642128944397,0.048476219177246094
49,memoryConsumed,ed071ac9-71ae-4d77-8931-66e8104b8f5a,264758.8337789695,102.46603775024414,0.05401897430419922
50,messages_unacknowledged,12027b10-1307-4e2c-8e4e-85c37bf35187,2.0686385386885644,101.2468569278717,0.06457662582397461
51,messages_unacknowledged,45a2ed7a-b76a-4b52-813a-90f3dda0e832,1.8967909088851673,101.2468569278717,0.0543978214263916
52,cpu_usage,58e9463b-1d0c-445c-a06d-385a91fa48d4,38.296894124842225,99.67228412628174,0.06289458274841309
53,ack,51ac052e-3c67-497f-8d5a-188190e242db,1.569872286759219,101.11349368095398,0.05445456504821777
54,consumers,bdc7c8e6-1944-460f-b8f5-571af0b539da,0.04925651265349495,97.3181324005127,0.0665280818939209
55,consumers,ea524275-33c6-4aee-96fa-a7c194744f3a,4.764908933780036,97.3181324005127,0.06564784049987793
56,cpu_prct_used,457438df-897f-47dc-8607-a651cd8a3239,49.76478855262524,110.41129565238953,0.06264114379882812
57,memoryConsumed,6f25a6a6-ffa9-4cb6-acd2-7b885cb16e13,33025.689879244004,102.46603775024414,0.05103754997253418
58,cpu_usage,ec29c9f5-c6bd-4699-a2b0-aa3ae0e60064,1.4287473995956026,99.67228412628174,0.07056093215942383
59,cpu_prct_used,ae320972-f612-4cef-8570-908250b8bd1a,6.252477536288865,110.41129565238953,0.0673360824584961
60,messages,5a5933ad-ba4d-45f9-b508-b6eebc034fe0,12.597708333225668,102.83129453659058,0.06410646438598633
61,messages_unacknowledged,43400768-8ade-4567-a8cc-209ce26d4824,2.6253807155091216,101.2468569278717,0.06786870956420898
62,cpu_prct_used,30bec8cf-56cc-4a6b-a125-5c5d0a29585e,1.7604997904939101,110.41129565238953,0.06601119041442871
63,cpu_usage,6ba1bc05-7ead-4d7b-a043-f9b900fc0757,39.754768901235295,99.67228412628174,0.06682634353637695
64,cpu_prct_used,00f32458-39cf-4361-9abb-34247262b192,22.23662447993667,110.41129565238953,0.06502914428710938
65,messages_unacknowledged,c8728ee5-d840-41ba-9c55-6f98901b3813,3.4045573937537434,101.2468569278717,0.07169556617736816
66,messages_unacknowledged,0e7f6842-3042-4d4e-a9d9-01a699043445,1182.4917018736326,101.2468569278717,0.06811809539794922
67,cpu_prct_used,89d30671-0559-4b5b-b514-b99a6cb2a4d5,34.45116916217249,110.41129565238953,0.06888198852539062
68,messages_ready,ee9b7711-cc03-4335-b3bc-a6fd644ed113,523804.83987072896,46.29642128944397,0.06502103805541992
69,messages_ready,8e42b1ac-4b2d-4c1f-bc26-e33e837ce215,3.320792991428244,46.29642128944397,0.04516315460205078
70,memoryConsumed,988ca002-ed23-4cf3-a318-f4a77fb6b439,37708.9553289401,102.46603775024414,0.04564380645751953
71,messages_unacknowledged,78567380-7739-4a1b-abc2-ae51bd5ebb0c,3.2762503181000358,101.2468569278717,0.05325579643249512
72,consumers,82e74c79-2b56-4ba1-ad8b-7269c7d9abb1,4.7118125596256375,97.3181324005127,0.06864452362060547
73,messages_unacknowledged,933faead-4086-426b-8af5-d581e19522fe,1.878182634684808,101.2468569278717,0.08232426643371582
74,messages,7f39d207-f4d4-42c7-b12a-ab7af23d9a32,1083103.84069488,102.83129453659058,0.06336379051208496
75,cpu_prct_used,992abae2-0839-40c3-9e88-9a30da702f0f,37.34259118233411,110.41129565238953,0.06728768348693848
76,ack,b775bb3a-330d-433a-adf5-40c717321c61,230.0873730102328,101.11349368095398,0.05794978141784668
77,cpu_wait,6b22bac2-5e47-41a3-baa8-2c4247feddcb,16077.646593951491,97.83950448036194,0.06338310241699219
78,messages,2266027c-9917-4b3b-868f-ec8bf9544211,4674.211163394311,102.83129453659058,0.06942963600158691
79,messages_ready,38f9d677-f26b-4fda-b489-29b9e426a9c9,524241.60732242535,46.29642128944397,0.06313371658325195
80,messages_unacknowledged,2b18dc57-481f-4112-93d9-274cb8569fc8,1.8824109167574405,101.2468569278717,0.20090889930725098
81,messages_ready,31460db4-f422-4f00-8f23-c8c2430100cb,4687.006080644658,46.29642128944397,0.06745004653930664
82,messages_unacknowledged,94c1c198-be9b-4e6f-81c7-332f3d3550e1,1.878182634684808,101.2468569278717,0.07404685020446777
83,cpu_prct_used,2e5afd22-456a-4820-ac78-081ec7a38e7f,1.61971914081996,110.41129565238953,0.06713104248046875
84,cpu_prct_used,925b62d0-8322-4659-82c7-11c25615bb32,37.720761325309134,110.41129565238953,0.06690001487731934
85,messages_unacknowledged,55f5155f-6b82-4784-9616-827acd1e0c19,1.8781825712142546,101.2468569278717,0.06597304344177246
86,messages_unacknowledged,8350f4d3-0486-4d45-bbde-458e8016e77d,602.080507490485,101.2468569278717,0.06689715385437012
87,consumers,ac84216f-f086-47a9-b8f9-2699ec1bb632,4.714812195679415,97.3181324005127,0.06985354423522949
88,messages_unacknowledged,f4cc2725-4f66-45cf-bfb4-5374619d2b51,1.882832633896174,101.2468569278717,0.09631037712097168
89,consumers,7bc35aa4-f957-4681-a925-9e44278d21b9,4.76837158203125e-07,97.3181324005127,0.06263852119445801
90,messages_ready,377fefc3-ba69-4a1d-ae99-855fc667acb3,1083115.579103172,46.29642128944397,0.06459879875183105
91,messages_ready,bcf9ac6b-a435-47ec-b8e6-a0dc425d4a1d,3.320792847836888,46.29642128944397,0.06226682662963867
92,messages_unacknowledged,c00a3080-08ad-4bba-b169-6a4f275f673f,610.2888660298498,101.2468569278717,0.06267929077148438
93,cpu_prct_used,3f1ac73a-4088-479d-ba8e-ef3b8414ea0f,5.825408384226601,110.41129565238953,0.06462430953979492
94,messages,8e0dc6a1-b88c-4ffd-94f9-8b736ee3131a,524248.7485306951,102.83129453659058,0.06928610801696777
95,messages,b4419903-362b-4b70-9f58-9bc43e6efd36,4675.873394351049,102.83129453659058,0.08235669136047363
96,memoryConsumed,6611a878-d031-4aa1-964f-f6bde93b08b8,19374.110560229597,102.46603775024414,0.04950571060180664
97,messages_unacknowledged,a716a8a8-6e20-473e-9000-709daf3cbdfc,2860.0793695280554,101.2468569278717,0.06371712684631348
98,messages_ready,5fb97183-9be6-4ab9-a4af-917944efca27,10.278038938028066,46.29642128944397,0.06592679023742676
99,messages_unacknowledged,1eb13901-7427-4570-b637-80a61d2008f9,1.878182634684808,101.2468569278717,0.09840917587280273
100,messages_ready,e7896f8b-9328-4524-9f98-ed6dbb3a664a,3.3201381502937695,46.29642128944397,0.21049118041992188
101,messages_unacknowledged,5a27cdca-673e-4f02-82ab-b783e0e602e8,1.8781825712142546,101.2468569278717,0.08811068534851074
102,cpu_usage,43f716e7-0ad5-47d5-8c89-0569a5d2653e,36.05451228966095,99.67228412628174,0.06359124183654785
103,cpu_prct_used,af7e9d7e-9540-4932-871d-51b4e944969f,8.467844559242463,110.41129565238953,0.06860995292663574
104,consumers,c2b4bdec-7bfd-4264-91a7-2fe07af81d34,0.3419214185239174,97.3181324005127,0.07128643989562988
105,messages_ready,b45b5443-5388-49c6-88bf-6abe80b51c87,3.320792847836888,46.29642128944397,0.04758048057556152
106,cpu_prct_used,b578f4a2-eea7-4bf4-9ae0-daff5983e91d,4.293139356255113,110.41129565238953,0.0674140453338623
107,cpu_prct_used,e68c4363-7195-4f87-8efe-c1f1ff185241,10.249791212979314,110.41129565238953,0.12431478500366211
108,memoryConsumed,2c1a9689-a689-4646-990c-0520087eb8e3,37647.461109615346,102.46603775024414,0.0490574836730957
109,messages_ready,7aa619a4-6338-4ea8-a98f-1d8a35ff01f9,3973160.511133674,46.29642128944397,0.06831645965576172
110,messages_unacknowledged,e6740d5a-247b-4da0-9c3e-b2f75d3fae89,1.878182634684808,101.2468569278717,0.05312371253967285
111,ack,621ba06c-d980-4b9f-9018-8688ff17f252,1.6943547228560565,101.11349368095398,0.05538344383239746
112,messages,9575a309-fa29-4b87-8f88-69b2203cb4a0,12.572011810248638,102.83129453659058,0.07555580139160156
113,messages_ready,dd369078-071d-4d85-a30b-287793f77206,125.37241398130611,46.29642128944397,0.05496788024902344
114,messages_unacknowledged,01a8ad90-cba9-4f31-9c5e-6fa7c44428c3,2930.0179180339496,101.2468569278717,0.06568741798400879
115,messages_unacknowledged,8d2d4df8-a3c2-445a-831f-7e5707232ba3,3.8476382802166036,101.2468569278717,0.399491548538208
116,ack,43a6692f-bb6c-42c8-a7bc-be1fc944d960,34.3726987866097,101.11349368095398,0.0552370548248291
117,cpu_prct_used,1c663cd7-d44b-48fa-a461-66d9dee88455,37.38959006612001,110.41129565238953,0.0644071102142334
118,messages_unacknowledged,af554c92-69fe-40c2-b803-3c645cadc1fb,2.0653646977437856,101.2468569278717,0.046309471130371094
119,cpu_prct_used,58125e19-3105-4ae9-aeb3-4c93a1da1191,40.30095068328491,110.41129565238953,0.06451106071472168
120,messages_unacknowledged,d03e5a4c-8e1c-4b31-8625-c44e8f01dba6,2.1188496614045738,101.2468569278717,0.06682085990905762
121,consumers,c7b9e402-a450-429f-b5ca-786c6e96d181,0.3419214076287521,97.3181324005127,0.06714725494384766
122,memoryConsumed,5f2750c3-be70-4ddb-8686-1e61949be146,4187177.946476123,102.46603775024414,0.35306382179260254
123,cpu_usage,b98ed8d1-da86-447a-82ef-e6b9bbf3a950,36.416309299650514,99.67228412628174,0.06377267837524414
124,memoryConsumed,cdc50edc-19eb-4020-9118-a561d481ee0a,19275.450085536264,102.46603775024414,0.050488948822021484
125,consumers,6114855c-5de4-40f9-9d1d-67b8ab5b3cb4,4.7669664899154385e-07,97.3181324005127,0.0686180591583252
126,ack,d8b4b456-e32c-4765-a2e9-69c0089a5b43,1.569872286759219,101.11349368095398,0.05706930160522461
127,messages_ready,34d8fe87-fd7e-42e0-83d6-554df1e792ef,3.320792991428244,46.29642128944397,0.045680999755859375
128,cpu_prct_used,71279451-d26a-473e-b3de-5740e641bb33,33.71828479463609,110.41129565238953,0.06854414939880371
129,messages,c8e3baaf-59e9-4789-9be0-dd1694222193,9.344489333077334,102.83129453659058,0.06453537940979004
130,cpu_prct_used,4e2d398d-dc8f-4dcd-82cc-5baab854392a,2.83808199925747,110.41129565238953,0.06766390800476074
131,messages_unacknowledged,4c5072f2-7070-4209-a844-563800234808,1.882829848086896,101.2468569278717,0.06746649742126465
132,messages_ready,e90d0c33-577c-47d3-a0ee-fd7fb22b8f08,3.320792704245526,46.29642128944397,0.06407618522644043
133,messages_ready,1e8d752b-3978-4781-9430-3469061c70ab,3.320792991428244,46.29642128944397,0.050307512283325195
134,messages_ready,e6961803-8960-4d3f-bd98-a067e343028b,3.320792847836888,46.29642128944397,0.051465511322021484
135,messages_unacknowledged,cd2364c7-5f0b-461e-a3b8-2fc545952f0f,1.8875097666102478,101.2468569278717,0.0627892017364502
136,ack,e5a7b654-b4e5-43de-acfb-8e1e2784d86a,34.67208800351426,101.11349368095398,0.05589008331298828
137,messages_ready,f2c46030-4a07-4693-86d8-4ff9c8dda8c8,4685.354629054241,46.29642128944397,0.06937122344970703
138,cpu_prct_used,f60944d3-4b66-4cdd-8e51-bc96fba215fa,8.67198189334457,110.41129565238953,0.06921911239624023
139,messages_ready,e3df52a0-2e39-4e14-aa79-fed2c2478fca,10.55687207048554,46.29642128944397,0.0637359619140625
140,messages_ready,d334ad97-d249-47bb-a688-abc1b0ccfb7c,3.320792991428244,46.29642128944397,0.04593348503112793
141,memoryConsumed,e54c5d2d-e561-439d-bb89-5d3185ab44bf,274690.22179902944,102.46603775024414,0.05342531204223633
142,messages_ready,522f3d93-1fbe-41c6-9ace-1490fa38b146,3.320792847836888,46.29642128944397,0.06587719917297363
143,cpu_ready,79e7da1a-6412-4abf-82e0-c0dedb07023c,4.351891003576128,102.43326735496521,0.07036709785461426
144,messages_unacknowledged,e2108e3d-ff3a-4c66-b4d8-8c6c52046cb7,1.8781826981553595,101.2468569278717,0.061086177825927734
145,cpu_prct_used,38a97ede-2bd3-4605-9610-782a9e3ddee4,2.9324412513825506,110.41129565238953,0.06694197654724121
146,memoryConsumed,a9ea6a16-a5e4-407f-a88c-1ceb8cfcbf2a,19610.979781744714,102.46603775024414,0.06548070907592773
147,memoryConsumed,4e79a0d9-451d-45be-bcef-dceda196cbd3,1606429.7609992165,102.46603775024414,0.04730391502380371
148,memoryConsumed,c8594556-aa4a-4af1-a161-f0537bc5e2be,10414.234873479665,102.46603775024414,0.06287264823913574
149,consumers,adf35232-156a-4fad-bde2-12467b76ca57,1.4076523464274515,97.3181324005127,0.06955790519714355
150,cpu_prct_used,2d983e54-b46b-452e-8ba1-234bbd75a938,5.2219851397182735,110.41129565238953,0.06587791442871094
151,cpu_wait,d7d14311-0d5a-454a-81e4-386a8f8f79ca,15098.969501260673,97.83950448036194,0.06513690948486328
152,messages,bed0d7e2-4814-4bd1-a8fd-2f10a1e02557,524684.7561269528,102.83129453659058,0.07021617889404297
153,cpu_prct_used,b7064520-362e-4198-a144-0d22957c7098,33.27906389533816,110.41129565238953,0.06590628623962402
154,messages,98126546-eeec-4869-8ea7-6e99abfec948,599.7922036005469,102.83129453659058,0.06691408157348633
155,cpu_prct_used,ddf07f3c-4879-4c0b-8142-f352cffe93df,32.030579261270006,110.41129565238953,0.2070152759552002
156,messages_ready,5d57273d-4a5a-42c3-9453-5f2e86f45b1d,3.320792704245526,46.29642128944397,0.06150412559509277
157,cpu,9f0aefd9-44bf-4a2e-8190-034cb83195f9,2.029847937652941,100.33719420433044,0.06828451156616211
158,consumers,187fb71a-efeb-46f4-85f5-1aafa1bfdc3c,0.9031214479686751,97.3181324005127,0.07184410095214844
159,ack,2e46118f-c68d-40f2-8a2a-28586f2584ae,1914.2787153390177,101.11349368095398,0.0555269718170166
160,consumers,64616495-fcce-4dd5-ac32-cbe70e38efa7,4.76837158203125e-07,97.3181324005127,0.07093048095703125
161,cpu_prct_used,85165b0c-4a69-43d1-a686-851653a8e522,5.384037670122748,110.41129565238953,0.06774592399597168
162,consumers,3423db54-06bb-4c89-a8f1-6c726ba18f96,1.4874934316538198,97.3181324005127,0.07028484344482422
163,messages,675ad805-3aee-41f4-8e16-f2a5197afbaf,531126.8036316751,102.83129453659058,0.06454348564147949
164,messages_ready,b28762d0-ca4b-47c5-81e4-d5289018476e,3.320792847836888,46.29642128944397,0.06255602836608887
165,consumers,d5891541-a76f-47df-b166-28b2f49bd10f,0.9500306350386296,97.3181324005127,0.0699930191040039
166,messages,4fe5bcde-1b75-4ace-b37d-daee11f8080c,9.752396509109873,102.83129453659058,0.0670328140258789
167,cpu_usage,5516ef80-940b-431d-b4e7-b8fb257246dc,35.53084631751772,99.67228412628174,0.06854820251464844
168,ack,8ddb51c4-e290-4bba-996a-42fe5d2bb24f,104.16162696141991,101.11349368095398,0.056169986724853516
169,memoryConsumed,d0c20050-9aec-4eed-aece-407c2397be28,10415.249972996327,102.46603775024414,0.06614422798156738
170,messages_ready,59e911b6-812f-4af9-b923-145c503937fb,3.320792991428244,46.29642128944397,0.0660090446472168
171,ack,5638e2d0-8c72-482e-ba42-c385d58ca695,137.35800907209597,101.11349368095398,0.05483698844909668
172,messages_unacknowledged,020bbd33-bfbd-4318-abce-f90ebd996a6f,1316.2238601393,101.2468569278717,0.0661630630493164
173,cpu_prct_used,56bc3ba6-3b02-4074-9b4b-d68057e20d22,9.026912716884006,110.41129565238953,0.06718158721923828
174,consumers,bec39493-b140-4065-83cd-6729ee6ecf7d,1.3813073970554914,97.3181324005127,0.0685112476348877
175,cpu_prct_used,e86d6bdf-7b84-4bcd-950a-b8ed04658a8f,39.825613212773476,110.41129565238953,0.06872200965881348
176,cpu_prct_used,4dc3adba-9e79-466b-9473-79d5751d4278,0.21789300313412957,110.41129565238953,0.07022905349731445
177,messages_unacknowledged,282ac687-daa2-450b-9513-d3dbf47f1e83,1.8781825712142546,101.2468569278717,0.0644979476928711
178,messages_unacknowledged,c9583ecd-501f-4039-84ed-c7cb3eb0bbed,91.85278749342613,101.2468569278717,0.0675971508026123
179,cpu_prct_used,13dfba59-0ce3-489e-a915-e569cecf0c88,9.448859445680137,110.41129565238953,0.21619153022766113
180,cpu_usage,eacd2321-7c85-4bb6-a609-906d7ab9cae4,47.215699355458035,99.67228412628174,0.06689214706420898
181,messages_ready,ba658e03-5984-42ce-817c-5220fc323ea8,3922253.7884068643,46.29642128944397,0.06740665435791016
182,messages_unacknowledged,cce49763-4743-40ce-904f-54cd86b51ee1,1.878182634684808,101.2468569278717,0.0464935302734375
183,cpu_usage,ed1af22e-f897-4721-a84d-4fe9075e4313,36.497790962155335,99.67228412628174,0.2111966609954834
184,ack,a23410fe-ef7a-47e4-a8f8-47eebfc7f623,35.51944168064424,101.11349368095398,0.05846810340881348
185,cpu_prct_used,3eeab39c-d50d-431f-9059-37d406c90fa1,35.0271605691792,110.41129565238953,0.07344174385070801
186,cpu_prct_used,d3c70f0e-3e6b-40e8-a78f-c9e78e1d1d8d,2.6103900145935657,110.41129565238953,0.06392765045166016
187,cpu_prct_used,6ca57457-dff2-4da1-b335-317682b2b4ef,39.67456266742663,110.41129565238953,0.074981689453125
188,cpu_prct_used,b340b512-f268-49b8-be81-eeeb3b0c0126,6.8545346919762435,110.41129565238953,0.06608176231384277
189,messages,d14bfae5-3546-42ad-9021-8d3fd2f8ee1a,9.291045391940438,102.83129453659058,0.06399703025817871
190,cpu_prct_used,d1d36f56-ed61-4db6-a83c-6be9ed286b84,1.3517008363345682,110.41129565238953,0.06517338752746582
191,ack,dea8601d-8aa7-4c59-a3ce-99bbab8ac5ca,254.4227535029051,101.11349368095398,0.05545997619628906
192,cpu_prct_used,268b8627-f7cd-44fa-a459-28a81c50442d,9.056613036066993,110.41129565238953,0.03366494178771973
193,messages_ready,e65feac2-2a84-42fb-9dcc-8dd3831a4783,3.320792847836888,46.29642128944397,0.06656789779663086
194,cpu_prct_used,0afb4039-2aae-4637-b52d-22e4fc9a5260,38.900565912597116,110.41129565238953,0.06598329544067383
195,messages,87462eb1-ccf0-4be3-988c-82ee67869360,12.597708938843304,102.83129453659058,0.0693519115447998
196,messages,f23c1133-f91e-4a22-8edd-4e74c7df9fbe,10.947499265738264,102.83129453659058,0.0651090145111084
197,messages,14709dcb-80a8-4069-bee3-2e5a94d68e1f,12.58487420826647,102.83129453659058,0.06575536727905273
198,cpu_prct_used,9baa9902-50b5-4822-869f-bf93fca89ce2,26.288541274550592,110.41129565238953,0.07326221466064453
199,messages_unacknowledged,37d5d66c-2c94-4a30-ada3-6d9f0020d521,2860.3588935656308,101.2468569278717,0.23272466659545898
200,ack,1d0c7108-36ed-4a22-a851-798bcb5dc9c2,1.569872210823556,101.11349368095398,0.05518150329589844
201,messages,6a67fc72-ef61-47b5-90bc-8bd9c1bbad56,601.7777309771441,102.83129453659058,0.0703573226928711
202,messages_ready,061db7cd-67be-4efc-887c-87fd6f4b2f4a,12.163730702563758,46.29642128944397,0.0673820972442627
203,consumers,a962bbcf-fa15-4aeb-bf18-3ff106fc2117,2.359027053742561,97.3181324005127,0.0691676139831543
204,messages_unacknowledged,ba4cd915-02b2-4588-b398-810c0c572a81,1302.2787719992982,101.2468569278717,0.06794619560241699
205,memoryConsumed,3dd0b5f9-4db8-4cd9-beb5-226a00c2c989,33024.42247791776,102.46603775024414,0.0690455436706543
206,memoryConsumed,664e2090-95b3-4d6b-b760-ba82e261dd2b,39343.13297133313,102.46603775024414,0.06730175018310547
207,messages_unacknowledged,714d6578-779e-4c68-aa13-a14d61d1fc69,1.878182634684808,101.2468569278717,0.06757688522338867
208,messages_ready,7cb6cfb2-60f2-4d79-8c99-de492f4f4d7f,3.320792704245526,46.29642128944397,0.06742072105407715
209,consumers,620b3745-036b-4741-815b-dbc8d8e35aed,2.359243932456076,97.3181324005127,0.06797552108764648
210,messages_ready,45fb8e90-62db-4836-80df-0ec60547afc7,3879855.19261325,46.29642128944397,0.0649116039276123
211,cpu_usage,bef78966-9435-4cf1-8958-821d0d20fb24,44.35327785898058,99.67228412628174,0.0682976245880127
212,consumers,d2260f5f-2541-4d2d-b651-aad7e29d9d8d,2.3598475709278164,97.3181324005127,0.07074642181396484
213,consumers,6a15adb7-b19e-445b-aa78-d0abbc995a21,4.76837158203125e-07,97.3181324005127,0.06704998016357422
214,cpu_prct_used,b2c2b01e-2c54-4d05-9687-b69cab6cfc68,42.48263230841002,110.41129565238953,0.06880497932434082
215,consumers,3709d9ba-0e62-4ea6-b3a8-aec3509d0927,2.4277819063378017,97.3181324005127,0.06872963905334473
216,messages,179db0bf-07db-46db-be9e-05ada640598f,3880508.360000272,102.83129453659058,0.0696256160736084
217,ack,37bf01bd-6583-44de-9c32-656125c7d0cf,1.569872210823556,101.11349368095398,0.05644702911376953
218,messages_ready,69936a90-649a-4570-9c24-40717e16b0fa,3.320792847836888,46.29642128944397,0.33411455154418945
219,cpu_usage,dc42331a-c0fe-43de-8f6a-0385c75ceb78,97.5807958501569,99.67228412628174,0.0711359977722168
220,ack,54d4dbdc-d746-439b-97d7-9af36660a41a,1.5698723626948778,101.11349368095398,0.0563654899597168
221,cpu_prct_used,2ba59d9d-6b39-40d9-b9b9-f7bdc6415db2,3.0168250665825553,110.41129565238953,0.0641183853149414
222,messages_ready,4ab6990f-c989-4a06-b70c-3b74eb01940f,3.320792704245526,46.29642128944397,0.07147860527038574
223,messages_ready,c0e69fc9-441c-46de-abda-7bab73673dd1,2434.1043527342867,46.29642128944397,0.3538644313812256
224,cpu_prct_used,144153ad-c64c-4dc2-b056-a9bd09eb67aa,36.514311192668,110.41129565238953,0.06512212753295898
225,messages,03660638-a475-409a-aa05-b6df0c998c94,3922847.5059915343,102.83129453659058,0.06895637512207031
226,messages_unacknowledged,c174e23c-f33d-4638-83fe-ae738eef3a3c,1.8828491587255602,101.2468569278717,0.06498312950134277
227,consumers,d5e19b88-f173-4a23-b5e8-0092473a8c86,0.3419214185239174,97.3181324005127,0.06949615478515625
228,ack,639a94c6-0cf1-41a2-8aa7-2904c2284c39,5.821779780446159,101.11349368095398,0.05936002731323242
229,messages_ready,bb6fde01-823e-4711-8786-df04726dfbab,1082995.2241298205,46.29642128944397,0.0665578842163086
230,messages,1115a6f3-6e2a-4acc-963e-77e6d7acc2b7,3973740.8174766507,102.83129453659058,0.06697702407836914
231,cpu_prct_used,bb9f5efe-937a-41dc-83c8-829254d8bfe2,0.9788648701634305,110.41129565238953,0.0703127384185791
232,messages_unacknowledged,604d9e5d-7da6-4004-8daf-a2cdc127ad5c,604.1429880417384,101.2468569278717,0.0646812915802002
233,cpu_usage,1ee81c65-3388-4e1d-8193-3277499e177f,0.9387230842073996,99.67228412628174,0.06733918190002441
234,messages_ready,3cadc957-5115-4ab6-8839-f376d2d47222,3.320792847836888,46.29642128944397,0.07144641876220703
235,cpu,1fc93559-6d5c-4cbb-b234-66e2c0781474,3.904388228202139,100.33719420433044,0.06731057167053223
236,cpu_ready,9aad40cc-dcd2-447c-8dd2-1f19e7b22483,21.100861793021704,102.43326735496521,0.0748894214630127
237,cpu_prct_used,f48e4f1d-9056-4ccb-b392-907b0c226f61,4.338803555513312,110.41129565238953,0.06725811958312988
238,messages_unacknowledged,8ef003f2-7083-4f24-b296-85f685d797c2,1.8981746287510353,101.2468569278717,0.21080470085144043
239,messages_ready,d57f08db-d7e8-40f8-b9a0-228e6277a5f4,4687.009280980783,46.29642128944397,0.06689882278442383
240,memoryConsumed,dc2f3fe4-5b0b-4bc1-901b-4f6412dd950b,19552.940239258136,102.46603775024414,0.06748032569885254
241,messages_unacknowledged,f71ffb8a-e342-48ef-99dd-81cb6b806241,81.62901980913405,101.2468569278717,0.06550025939941406
242,messages_unacknowledged,2f41d808-dadf-4329-8ecc-2edbd3b24ce7,1.8781825712142546,101.2468569278717,0.06904339790344238
243,consumers,2aa1966e-fa5b-47c3-97a4-f8937da081d8,1.4086065256869158,97.3181324005127,0.07531476020812988
244,messages_unacknowledged,e3b72bca-b173-4925-b938-8020cd822dbc,1.8874601877826398,101.2468569278717,0.06583595275878906
245,ack,edf1b0c9-0891-43d1-9b19-449ee4b42b8f,1925.6615746283146,101.11349368095398,0.055071353912353516
246,ack,9a94b7cf-fc71-4c19-aa05-cc5e820133c9,155.0305854400189,101.11349368095398,0.059706687927246094
247,memoryConsumed,805d99db-7d44-4777-ba76-6f0fb55f7b59,272057.41323478025,102.46603775024414,0.06991410255432129
248,messages_ready,2d899e74-ca43-48f7-95d4-1b89637241dd,3.320792847836888,46.29642128944397,0.06813573837280273
249,messages_ready,ac964b81-2326-4956-823c-8dd10f543076,119.01415521115545,46.29642128944397,0.20447206497192383
250,messages,f5efa804-8b41-40c5-8101-34464c02fe7a,1082983.6054456227,102.83129453659058,0.07042694091796875
251,ack,08f9583b-6999-4835-af7d-cf2f82ddcd5d,1896.331656119256,101.11349368095398,0.05657339096069336
252,cpu_prct_used,05caa75f-8c3b-4c86-a6a9-4bd227060f38,10.618146413765453,110.41129565238953,0.06754946708679199
