metric_name,metric_id,mean_squared_error,training_time,inference_time
cpu_prct_used,091c334c-a90a-4d8f-ba75-2c936220cd64,6.10866716591689,145.907762765884,0.07848334312439
messages_unacknowledged,fe897d86-1ea4-4e00-a018-5cd8702e96b3,75.7590315312573,144.926505088806,0.070797681808472
cpu_prct_used,cc0f3149-f443-4ba8-b8ae-931fedb52e82,10.6207115149072,145.907762765884,0.08234977722168
messages,32e3bff5-5ab7-491a-a1c0-cf3952ac5530,0.02549061366642,140.223752260208,0.067959547042847
cpu_usage,a88abad6-0f29-4d5e-b688-ba698ab97d59,11.8383005779861,137.32260966301,0.075252056121826
consumers,81e5a28a-cbc1-4652-ad63-29d99142bace,0.076067484845189,138.449885129929,0.066205263137817
ack,eff3da11-6f06-48a4-8187-35fdcded15ec,195.452822809326,137.570247888565,0.063594818115234
ack,3436bacf-c5d3-4c51-8b3f-8196fddae06f,9.1802328824997E-05,137.570247888565,0.066367387771607
cpu_usage,e7ea3817-6a9a-4eab-aa56-bb8bb3c0385a,8.74335647413144,137.32260966301,0.071611166000366
messages,406bb3d8-3043-4169-aa78-406dd46d26db,1541536.58103642,140.223752260208,0.069649696350098
cpu_prct_used,05398140-2e37-4635-ad89-b48dc87fb26e,6.42740856753183,145.907762765884,0.074430704116821
messages_ready,f0dd3b75-740a-4a37-bcef-9f78f4e35019,0.003619078546762,72.3213317394257,0.045283317565918
messages_ready,a63e7c1e-f939-4f7c-9225-8d6a4ee335f8,0.003619078546762,72.3213317394257,0.06783938407898
messages_ready,5ef49e43-2e64-4c4a-a766-1d83ce4fc921,16.9459204932698,72.3213317394257,0.076072454452515
messages_ready,56443783-595c-4f64-a2cb-382be56ab9fa,800580.738304716,72.3213317394257,0.077519655227661
messages_ready,6874bc1f-b387-4464-b7c7-67e5f6f80a5b,1719075.80785014,72.3213317394257,0.086376667022705
messages_unacknowledged,2e6a0717-632b-486d-b254-2b57c11ef283,0.000728850718588,144.926505088806,0.069202423095703
ack,fcf0dce1-ec4d-437a-bff5-9e729993a5d6,9.1802328824997E-05,137.570247888565,0.066961526870728
cpu_prct_used,439befad-05e4-4c4a-b858-b6b285d82300,10.5004793783657,145.907762765884,0.073283672332764
consumers,4583b548-0919-422e-84bd-7861d392be6c,4.73597930937799,138.449885129929,0.069533109664917
cpu_prct_used,19de83dd-60a6-4b55-810d-e7c6522270d4,3.38138726356434,145.907762765884,0.078385353088379
messages,9bf7d77c-470b-4271-9842-3f39813df39d,578.036079942284,140.223752260208,0.069598436355591
memoryConsumed,f943f1e8-4ebd-45b0-95ac-5fb0514e6b15,3976524.72423341,68.7267751693726,0.220579385757446
cpu_prct_used,2c354d5d-5a3d-4281-ab05-3b0e8074cac4,0.633220777816442,145.907762765884,0.073861360549927
cpu_prct_used,1a78350c-5973-4525-a5a3-f8c9532c1300,15.3705503951,145.907762765884,0.078231334686279
ack,b04775fb-05d1-4430-82b8-ccf012ffb951,0.278286893152823,137.570247888565,0.069851636886597
cpu_prct_used,99cfb50b-d959-40b5-b137-911a99d41eed,1.67537109125155,145.907762765884,0.249767541885376
ack,83d9cb78-0b13-482b-91ef-e712e11829df,0.230771366117246,137.570247888565,0.071227550506592
messages_ready,5954115e-4dea-40b6-b29d-08a6ecaa90e9,0.003619078546762,72.3213317394257,0.070746183395386
messages_unacknowledged,a704402a-78cf-4fc9-aad2-7e960865af94,0.283509080519762,144.926505088806,0.073061227798462
cpu_prct_used,2883c27f-a3f0-4ebe-92eb-f59f58a67321,4.95713392939654,145.907762765884,0.080315589904785
memoryConsumed,6aa27981-dbbe-4b2a-888e-86ac62b627db,64837.0777800161,68.7267751693726,0.243865013122559
cpu_prct_used,a55d4b31-c24f-45dc-ab83-1a49d2ca66dd,19.6482008527745,145.907762765884,0.073063850402832
cpu_prct_used,ac8519bc-2985-4869-8aa8-c5fdfc68ec44,4.87847311085245,145.907762765884,0.073370218276978
cpu_usage,4b230578-a6b1-4b08-bc78-4caf3771c3f7,0.026090128530137,137.32260966301,0.234674453735352
ack,0e33bc37-e207-4c4c-bad0-f8f9b7dc45a3,9.1802328824997E-05,137.570247888565,0.069743633270264
messages_ready,c1551b0b-59c9-4520-a9aa-e37cf66e14d6,0.003619078546762,72.3213317394257,0.073427200317383
cpu_prct_used,af33574c-c852-4b76-9e67-b19ad444250d,0.80237462913856,145.907762765884,0.07697057723999
cpu_usage,7e4a1bad-0fa8-470b-bf78-97a4dc24f68f,0.263565939063072,137.32260966301,0.042460918426514
messages,0835b76f-d695-4a13-b6e2-4a4617fd7338,15.1347474243982,140.223752260208,0.068119049072266
cpu,a81f3ad9-93cf-488c-8810-7dd44ef25a6e,0.999899785131347,137.545269727707,0.063697099685669
cpu_prct_used,bc1494de-1529-4905-9fb3-51e440f7fa07,11.9127696659349,145.907762765884,0.07948637008667
consumers,ba4f28c7-fa97-4233-84bf-230457afce08,4.77377288278875,138.449885129929,0.065362691879273
memoryConsumed,44203561-815a-48aa-ae9c-299eff0c64d8,447.559045596284,68.7267751693726,0.046866655349732
messages_unacknowledged,dbab29c2-a17b-4e2a-90a0-f18f513bfdc2,0.000728850718588,144.926505088806,0.079349040985108
cpu_ready,205c24a7-82be-44ab-86f8-0a680c1cd275,7.3296777199866,136.938625574112,0.06757402420044
messages_unacknowledged,049d35fa-af41-4479-ba7b-55873bfc377e,4.28234713952321,144.926505088806,0.073902130126953
messages_unacknowledged,1abd43d3-55ba-4237-afbf-23f06414beea,0.000728850718588,144.926505088806,0.048593521118164
messages_ready,b7701594-0a23-47f7-a645-bcfd09a9001e,0.003619078546762,72.3213317394257,0.046780586242676
memoryConsumed,ed071ac9-71ae-4d77-8931-66e8104b8f5a,633561.67453232,68.7267751693726,0.049763679504395
messages_unacknowledged,12027b10-1307-4e2c-8e4e-85c37bf35187,0.2874591169043,144.926505088806,0.045450687408447
messages_unacknowledged,45a2ed7a-b76a-4b52-813a-90f3dda0e832,0.065083254232733,144.926505088806,0.047929525375366
cpu_usage,58e9463b-1d0c-445c-a06d-385a91fa48d4,5.69756939589821,137.32260966301,0.076404333114624
ack,51ac052e-3c67-497f-8d5a-188190e242db,9.1802328824997E-05,137.570247888565,0.075671195983887
consumers,bdc7c8e6-1944-460f-b8f5-571af0b539da,0.076090042656636,138.449885129929,0.070717811584473
consumers,ea524275-33c6-4aee-96fa-a7c194744f3a,3.43363541031452,138.449885129929,0.069924831390381
cpu_prct_used,457438df-897f-47dc-8607-a651cd8a3239,22.5988167407347,145.907762765884,0.074855089187622
memoryConsumed,6f25a6a6-ffa9-4cb6-acd2-7b885cb16e13,451.021303002005,68.7267751693726,0.048323631286621
cpu_usage,ec29c9f5-c6bd-4699-a2b0-aa3ae0e60064,1.527567276461,137.32260966301,0.070530652999878
cpu_prct_used,ae320972-f612-4cef-8570-908250b8bd1a,7.57281167231003,145.907762765884,0.073747873306275
messages,5a5933ad-ba4d-45f9-b508-b6eebc034fe0,0.004833571612835,140.223752260208,0.0740225315094
messages_unacknowledged,43400768-8ade-4567-a8cc-209ce26d4824,6.98707283423575,144.926505088806,0.073141574859619
cpu_prct_used,30bec8cf-56cc-4a6b-a125-5c5d0a29585e,1.09505190181558,145.907762765884,0.081499576568604
cpu_usage,6ba1bc05-7ead-4d7b-a043-f9b900fc0757,9.63982906879437,137.32260966301,0.071587800979614
cpu_prct_used,00f32458-39cf-4361-9abb-34247262b192,13.3040861987626,145.907762765884,0.080585241317749
messages_unacknowledged,c8728ee5-d840-41ba-9c55-6f98901b3813,1.18187932517752,144.926505088806,0.095060348510742
messages_unacknowledged,0e7f6842-3042-4d4e-a9d9-01a699043445,1509.24127042836,144.926505088806,0.067558765411377
cpu_prct_used,89d30671-0559-4b5b-b514-b99a6cb2a4d5,6.13292053505333,145.907762765884,0.082575559616089
messages_ready,ee9b7711-cc03-4335-b3bc-a6fd644ed113,790228.88264987,72.3213317394257,0.069004058837891
messages_ready,8e42b1ac-4b2d-4c1f-bc26-e33e837ce215,0.003619078546762,72.3213317394257,0.051660537719727
memoryConsumed,988ca002-ed23-4cf3-a318-f4a77fb6b439,44044.9958104183,68.7267751693726,0.045007705688477
messages_unacknowledged,78567380-7739-4a1b-abc2-ae51bd5ebb0c,1.76446074342097,144.926505088806,0.049739360809326
consumers,82e74c79-2b56-4ba1-ad8b-7269c7d9abb1,1.82743720366543,138.449885129929,0.068359375
messages_unacknowledged,933faead-4086-426b-8af5-d581e19522fe,0.000728850718588,144.926505088806,0.077816009521484
messages,7f39d207-f4d4-42c7-b12a-ab7af23d9a32,1535261.34480555,140.223752260208,0.069630861282349
cpu_prct_used,992abae2-0839-40c3-9e88-9a30da702f0f,2.75847859120013,145.907762765884,0.074774980545044
ack,b775bb3a-330d-433a-adf5-40c717321c61,194.601260615258,137.570247888565,0.070925235748291
cpu_wait,6b22bac2-5e47-41a3-baa8-2c4247feddcb,1502.21406866228,137.227265357971,0.065910577774048
messages,2266027c-9917-4b3b-868f-ec8bf9544211,6570.41203366055,140.223752260208,0.068814277648926
messages_ready,38f9d677-f26b-4fda-b489-29b9e426a9c9,791591.928678213,72.3213317394257,0.074583292007446
messages_unacknowledged,2b18dc57-481f-4112-93d9-274cb8569fc8,0.029018763073276,144.926505088806,0.249109745025635
messages_ready,31460db4-f422-4f00-8f23-c8c2430100cb,17.1200533353835,72.3213317394257,0.075483560562134
messages_unacknowledged,94c1c198-be9b-4e6f-81c7-332f3d3550e1,0.000728850718588,144.926505088806,0.066943407058716
cpu_prct_used,2e5afd22-456a-4820-ac78-081ec7a38e7f,1.4834583020704,145.907762765884,0.075234889984131
cpu_prct_used,925b62d0-8322-4659-82c7-11c25615bb32,20.4544730134212,145.907762765884,0.081392288208008
messages_unacknowledged,55f5155f-6b82-4784-9616-827acd1e0c19,0.000728850718588,144.926505088806,0.074211835861206
messages_unacknowledged,8350f4d3-0486-4d45-bbde-458e8016e77d,381.933351739885,144.926505088806,0.07101845741272
consumers,ac84216f-f086-47a9-b8f9-2699ec1bb632,1.83311115825765,138.449885129929,0.068640470504761
messages_unacknowledged,f4cc2725-4f66-45cf-bfb4-5374619d2b51,0.032480345473019,144.926505088806,0.069709300994873
consumers,7bc35aa4-f957-4681-a925-9e44278d21b9,0.426761627197266,138.449885129929,0.071306228637695
messages_ready,377fefc3-ba69-4a1d-ae99-855fc667acb3,1711386.12130245,72.3213317394257,0.068708896636963
messages_ready,bcf9ac6b-a435-47ec-b8e6-a0dc425d4a1d,0.003619078546762,72.3213317394257,0.068485736846924
messages_unacknowledged,c00a3080-08ad-4bba-b169-6a4f275f673f,339.113967350303,144.926505088806,0.0723557472229
cpu_prct_used,3f1ac73a-4088-479d-ba8e-ef3b8414ea0f,6.84488045875102,145.907762765884,0.081044673919678
messages,8e0dc6a1-b88c-4ffd-94f9-8b736ee3131a,671478.915407053,140.223752260208,0.068301439285278
messages,b4419903-362b-4b70-9f58-9bc43e6efd36,15.1354087671938,140.223752260208,0.064255237579346
memoryConsumed,6611a878-d031-4aa1-964f-f6bde93b08b8,12377.1930515519,68.7267751693726,0.047581195831299
messages_unacknowledged,a716a8a8-6e20-473e-9000-709daf3cbdfc,2046.02658795862,144.926505088806,0.090282678604126
messages_ready,5fb97183-9be6-4ab9-a4af-917944efca27,16.1045424977513,72.3213317394257,0.070404767990112
messages_unacknowledged,1eb13901-7427-4570-b637-80a61d2008f9,0.000728850718588,144.926505088806,0.071920156478882
messages_ready,e7896f8b-9328-4524-9f98-ed6dbb3a664a,0.273731599990952,72.3213317394257,0.237629175186157
messages_unacknowledged,5a27cdca-673e-4f02-82ab-b783e0e602e8,0.000728850718588,144.926505088806,0.048461675643921
cpu_usage,43f716e7-0ad5-47d5-8c89-0569a5d2653e,9.39813451572342,137.32260966301,0.067504167556763
cpu_prct_used,af7e9d7e-9540-4932-871d-51b4e944969f,2.57598827621616,145.907762765884,0.080548286437988
consumers,c2b4bdec-7bfd-4264-91a7-2fe07af81d34,0.426761537790298,138.449885129929,0.068797826766968
messages_ready,b45b5443-5388-49c6-88bf-6abe80b51c87,0.003619078546762,72.3213317394257,0.0482177734375
cpu_prct_used,b578f4a2-eea7-4bf4-9ae0-daff5983e91d,5.72884324088218,145.907762765884,0.073951959609985
cpu_prct_used,e68c4363-7195-4f87-8efe-c1f1ff185241,13.8001722866642,145.907762765884,0.137954473495483
memoryConsumed,2c1a9689-a689-4646-990c-0520087eb8e3,43536.0744234796,68.7267751693726,0.046026468276978
messages_ready,7aa619a4-6338-4ea8-a98f-1d8a35ff01f9,5900435.79030875,72.3213317394257,0.070639610290527
messages_unacknowledged,e6740d5a-247b-4da0-9c3e-b2f75d3fae89,0.000728850718588,144.926505088806,0.050182819366455
ack,621ba06c-d980-4b9f-9018-8688ff17f252,0.025054424214482,137.570247888565,0.070501804351807
messages,9575a309-fa29-4b87-8f88-69b2203cb4a0,0.03580685654058,140.223752260208,0.068224668502808
messages_ready,dd369078-071d-4d85-a30b-287793f77206,41.7011188858217,72.3213317394257,0.059179067611694
messages_unacknowledged,01a8ad90-cba9-4f31-9c5e-6fa7c44428c3,2492.15703053112,144.926505088806,0.071113109588623
messages_unacknowledged,8d2d4df8-a3c2-445a-831f-7e5707232ba3,3.4125532252449,144.926505088806,0.409947156906128
ack,43a6692f-bb6c-42c8-a7bc-be1fc944d960,18.0303819918687,137.570247888565,0.071516513824463
cpu_prct_used,1c663cd7-d44b-48fa-a461-66d9dee88455,3.67383407561311,145.907762765884,0.078348398208618
messages_unacknowledged,af554c92-69fe-40c2-b803-3c645cadc1fb,0.281049475133822,144.926505088806,0.043975591659546
cpu_prct_used,58125e19-3105-4ae9-aeb3-4c93a1da1191,20.0009911409316,145.907762765884,0.079405546188355
messages_unacknowledged,d03e5a4c-8e1c-4b31-8625-c44e8f01dba6,3.42998330257754,144.926505088806,0.065308570861816
consumers,c7b9e402-a450-429f-b5ca-786c6e96d181,0.426761537790298,138.449885129929,0.07351016998291
memoryConsumed,5f2750c3-be70-4ddb-8686-1e61949be146,16693466.0885995,68.7267751693726,0.346598863601685
cpu_usage,b98ed8d1-da86-447a-82ef-e6b9bbf3a950,8.65418976535132,137.32260966301,0.068045616149902
memoryConsumed,cdc50edc-19eb-4020-9118-a561d481ee0a,11673.378837557,68.7267751693726,0.048250198364258
consumers,6114855c-5de4-40f9-9d1d-67b8ab5b3cb4,0.426761627197266,138.449885129929,0.068874597549439
ack,d8b4b456-e32c-4765-a2e9-69c0089a5b43,9.1802328824997E-05,137.570247888565,0.066582679748535
messages_ready,34d8fe87-fd7e-42e0-83d6-554df1e792ef,0.003619078546762,72.3213317394257,0.071636199951172
cpu_prct_used,71279451-d26a-473e-b3de-5740e641bb33,6.99740964898932,145.907762765884,0.081393241882324
messages,c8e3baaf-59e9-4789-9be0-dd1694222193,9.3064765215102,140.223752260208,0.06955885887146
cpu_prct_used,4e2d398d-dc8f-4dcd-82cc-5baab854392a,4.28367020516038,145.907762765884,0.080161809921265
messages_unacknowledged,4c5072f2-7070-4209-a844-563800234808,0.03247075067812,144.926505088806,0.067230701446533
messages_ready,e90d0c33-577c-47d3-a0ee-fd7fb22b8f08,0.003619078546762,72.3213317394257,0.076265811920166
messages_ready,1e8d752b-3978-4781-9430-3469061c70ab,0.003619078546762,72.3213317394257,0.049162864685059
messages_ready,e6961803-8960-4d3f-bd98-a067e343028b,0.003619078546762,72.3213317394257,0.050537347793579
messages_unacknowledged,cd2364c7-5f0b-461e-a3b8-2fc545952f0f,0.046023696097187,144.926505088806,0.066948413848877
ack,e5a7b654-b4e5-43de-acfb-8e1e2784d86a,18.7506958717278,137.570247888565,0.084675073623657
messages_ready,f2c46030-4a07-4693-86d8-4ff9c8dda8c8,7420.89181392672,72.3213317394257,0.075775861740112
cpu_prct_used,f60944d3-4b66-4cdd-8e51-bc96fba215fa,7.81912479986107,145.907762765884,0.075959205627441
messages_ready,e3df52a0-2e39-4e14-aa79-fed2c2478fca,13.595070841796,72.3213317394257,0.077269077301025
messages_ready,d334ad97-d249-47bb-a688-abc1b0ccfb7c,0.003619078546762,72.3213317394257,0.046658515930176
memoryConsumed,e54c5d2d-e561-439d-bb89-5d3185ab44bf,643880.282114923,68.7267751693726,0.044743299484253
messages_ready,522f3d93-1fbe-41c6-9ace-1490fa38b146,0.003619078546762,72.3213317394257,0.071619749069214
cpu_ready,79e7da1a-6412-4abf-82e0-c0dedb07023c,4.66632351634829,136.938625574112,0.072550535202026
messages_unacknowledged,e2108e3d-ff3a-4c66-b4d8-8c6c52046cb7,0.000728850718588,144.926505088806,0.072101354598999
cpu_prct_used,38a97ede-2bd3-4605-9610-782a9e3ddee4,2.40602917669744,145.907762765884,0.071664094924927
memoryConsumed,a9ea6a16-a5e4-407f-a88c-1ceb8cfcbf2a,25349.8399909969,68.7267751693726,0.066747665405274
memoryConsumed,4e79a0d9-451d-45be-bcef-dceda196cbd3,2862558.72802972,68.7267751693726,0.0479576587677
memoryConsumed,c8594556-aa4a-4af1-a161-f0537bc5e2be,130.77193806518,68.7267751693726,0.066268682479858
consumers,adf35232-156a-4fad-bde2-12467b76ca57,1.00686827296453,138.449885129929,0.06813645362854
cpu_prct_used,2d983e54-b46b-452e-8ba1-234bbd75a938,2.73807075695284,145.907762765884,0.079524993896484
cpu_wait,d7d14311-0d5a-454a-81e4-386a8f8f79ca,625.198574826283,137.227265357971,0.065377950668335
messages,bed0d7e2-4814-4bd1-a8fd-2f10a1e02557,671738.454416082,140.223752260208,0.072778940200806
cpu_prct_used,b7064520-362e-4198-a144-0d22957c7098,6.88281386831513,145.907762765884,0.074237585067749
messages,98126546-eeec-4869-8ea7-6e99abfec948,608.987941797503,140.223752260208,0.069249153137207
cpu_prct_used,ddf07f3c-4879-4c0b-8142-f352cffe93df,6.71892365469022,145.907762765884,0.242898464202881
messages_ready,5d57273d-4a5a-42c3-9453-5f2e86f45b1d,0.003619078546762,72.3213317394257,0.068735837936401
cpu,9f0aefd9-44bf-4a2e-8190-034cb83195f9,2.016132043961,137.545269727707,0.06778883934021
consumers,187fb71a-efeb-46f4-85f5-1aafa1bfdc3c,0.426761627197266,138.449885129929,0.069477319717407
ack,2e46118f-c68d-40f2-8a2a-28586f2584ae,1005.21129026403,137.570247888565,0.072277784347534
consumers,64616495-fcce-4dd5-ac32-cbe70e38efa7,0.426761627197266,138.449885129929,0.070273637771607
cpu_prct_used,85165b0c-4a69-43d1-a686-851653a8e522,1.11120776689604,145.907762765884,0.078350782394409
consumers,3423db54-06bb-4c89-a8f1-6c726ba18f96,0.098232364783195,138.449885129929,0.071578025817871
messages,675ad805-3aee-41f4-8e16-f2a5197afbaf,680274.480020308,140.223752260208,0.077314376831055
messages_ready,b28762d0-ca4b-47c5-81e4-d5289018476e,0.003619078546762,72.3213317394257,0.213298797607422
consumers,d5891541-a76f-47df-b166-28b2f49bd10f,0.434444118906736,138.449885129929,0.072814226150513
messages,4fe5bcde-1b75-4ace-b37d-daee11f8080c,11.0549766415722,140.223752260208,0.074789762496948
cpu_usage,5516ef80-940b-431d-b4e7-b8fb257246dc,10.7211007048853,137.32260966301,0.304912567138672
ack,8ddb51c4-e290-4bba-996a-42fe5d2bb24f,87.7289447333378,137.570247888565,0.071277618408203
memoryConsumed,d0c20050-9aec-4eed-aece-407c2397be28,0.505859375,68.7267751693726,0.070003509521484
messages_ready,59e911b6-812f-4af9-b923-145c503937fb,0.003619078546762,72.3213317394257,0.071142673492432
ack,5638e2d0-8c72-482e-ba42-c385d58ca695,160.764518297445,137.570247888565,0.073719739913941
messages_unacknowledged,020bbd33-bfbd-4318-abce-f90ebd996a6f,1570.38842890521,144.926505088806,0.074952363967896
cpu_prct_used,56bc3ba6-3b02-4074-9b4b-d68057e20d22,9.36748255368224,145.907762765884,0.081819295883179
consumers,bec39493-b140-4065-83cd-6729ee6ecf7d,1.02009324713028,138.449885129929,0.071950197219849
cpu_prct_used,e86d6bdf-7b84-4bcd-950a-b8ed04658a8f,20.2130697904524,145.907762765884,0.084536075592041
cpu_prct_used,4dc3adba-9e79-466b-9473-79d5751d4278,0.339936231174987,145.907762765884,0.077564716339111
messages_unacknowledged,282ac687-daa2-450b-9513-d3dbf47f1e83,0.000728850718588,144.926505088806,0.077053070068359
messages_unacknowledged,c9583ecd-501f-4039-84ed-c7cb3eb0bbed,72.5787671165513,144.926505088806,0.090481042861939
cpu_prct_used,13dfba59-0ce3-489e-a915-e569cecf0c88,0.898266838588785,145.907762765884,0.245954990386963
cpu_usage,eacd2321-7c85-4bb6-a609-906d7ab9cae4,5.73871863685179,137.32260966301,0.070321083068848
messages_ready,ba658e03-5984-42ce-817c-5220fc323ea8,5822807.99978846,72.3213317394257,0.069944620132446
messages_unacknowledged,cce49763-4743-40ce-904f-54cd86b51ee1,0.000728850718588,144.926505088806,0.058624505996704
cpu_usage,ed1af22e-f897-4721-a84d-4fe9075e4313,21.4621582699714,137.32260966301,0.244475841522217
ack,a23410fe-ef7a-47e4-a8f8-47eebfc7f623,18.0025017029517,137.570247888565,0.073665142059326
cpu_prct_used,3eeab39c-d50d-431f-9059-37d406c90fa1,18.6509753588921,145.907762765884,0.074113845825195
cpu_prct_used,d3c70f0e-3e6b-40e8-a78f-c9e78e1d1d8d,3.51336275360649,145.907762765884,0.075144767761231
cpu_prct_used,6ca57457-dff2-4da1-b335-317682b2b4ef,2.41483448855994,145.907762765884,0.078947305679321
cpu_prct_used,b340b512-f268-49b8-be81-eeeb3b0c0126,1.13386298857331,145.907762765884,0.076300382614136
messages,d14bfae5-3546-42ad-9021-8d3fd2f8ee1a,9.09997332295814,140.223752260208,0.065832138061524
cpu_prct_used,d1d36f56-ed61-4db6-a83c-6be9ed286b84,1.42640900309908,145.907762765884,0.076381683349609
ack,dea8601d-8aa7-4c59-a3ce-99bbab8ac5ca,204.201813971277,137.570247888565,0.074968338012695
cpu_prct_used,268b8627-f7cd-44fa-a459-28a81c50442d,0.164184822019323,145.907762765884,0.037825107574463
messages_ready,e65feac2-2a84-42fb-9dcc-8dd3831a4783,0.003619078546762,72.3213317394257,0.072665691375733
cpu_prct_used,0afb4039-2aae-4637-b52d-22e4fc9a5260,2.74945493636489,145.907762765884,0.075124740600586
messages,87462eb1-ccf0-4be3-988c-82ee67869360,0.004833571612835,140.223752260208,0.071679592132568
messages,f23c1133-f91e-4a22-8edd-4e74c7df9fbe,10.4953588571265,140.223752260208,0.072681665420532
messages,14709dcb-80a8-4069-bee3-2e5a94d68e1f,0.025541606711318,140.223752260208,0.072551727294922
cpu_prct_used,9baa9902-50b5-4822-869f-bf93fca89ce2,3.82222411665642,145.907762765884,0.079326152801514
messages_unacknowledged,37d5d66c-2c94-4a30-ada3-6d9f0020d521,1977.12763069385,144.926505088806,0.069950103759766
ack,1d0c7108-36ed-4a22-a851-798bcb5dc9c2,9.1802328824997E-05,137.570247888565,0.069195508956909
messages,6a67fc72-ef61-47b5-90bc-8bd9c1bbad56,620.676390455706,140.223752260208,0.073058843612671
messages_ready,061db7cd-67be-4efc-887c-87fd6f4b2f4a,21.8437654101618,72.3213317394257,0.067070484161377
consumers,a962bbcf-fa15-4aeb-bf18-3ff106fc2117,0.45370545621034,138.449885129929,0.071545839309692
messages_unacknowledged,ba4cd915-02b2-4588-b398-810c0c572a81,1564.57201498894,144.926505088806,0.070791244506836
memoryConsumed,3dd0b5f9-4db8-4cd9-beb5-226a00c2c989,594.330420307741,68.7267751693726,0.069934606552124
memoryConsumed,664e2090-95b3-4d6b-b760-ba82e261dd2b,77238.6277900255,68.7267751693726,0.065874338150025
messages_unacknowledged,714d6578-779e-4c68-aa13-a14d61d1fc69,0.000728850718588,144.926505088806,0.07054615020752
messages_ready,7cb6cfb2-60f2-4d79-8c99-de492f4f4d7f,0.003619078546762,72.3213317394257,0.069794178009033
consumers,620b3745-036b-4741-815b-dbc8d8e35aed,0.46186871420061,138.449885129929,0.066469430923462
messages_ready,45fb8e90-62db-4836-80df-0ec60547afc7,5752342.68172917,72.3213317394257,0.071608304977417
cpu_usage,bef78966-9435-4cf1-8958-821d0d20fb24,3.2580818811381,137.32260966301,0.069882154464722
consumers,d2260f5f-2541-4d2d-b651-aad7e29d9d8d,0.435411713317044,138.449885129929,0.072242975234985
consumers,6a15adb7-b19e-445b-aa78-d0abbc995a21,0.426761627197266,138.449885129929,0.066175937652588
cpu_prct_used,b2c2b01e-2c54-4d05-9687-b69cab6cfc68,20.7981543170245,145.907762765884,0.077419519424439
consumers,3709d9ba-0e62-4ea6-b3a8-aec3509d0927,4.76807103903796,138.449885129929,0.071065664291382
messages,179db0bf-07db-46db-be9e-05ada640598f,5426699.15252109,140.223752260208,0.070478200912476
ack,37bf01bd-6583-44de-9c32-656125c7d0cf,9.1802328824997E-05,137.570247888565,0.071891784667969
messages_ready,69936a90-649a-4570-9c24-40717e16b0fa,0.003619078546762,72.3213317394257,0.071459293365479
cpu_usage,dc42331a-c0fe-43de-8f6a-0385c75ceb78,81.1288077233722,137.32260966301,0.080599784851074
ack,54d4dbdc-d746-439b-97d7-9af36660a41a,9.1802328824997E-05,137.570247888565,0.068974733352661
cpu_prct_used,2ba59d9d-6b39-40d9-b9b9-f7bdc6415db2,4.40591259711518,145.907762765884,0.079193115234375
messages_ready,4ab6990f-c989-4a06-b70c-3b74eb01940f,0.003619078546762,72.3213317394257,0.067095279693604
messages_ready,c0e69fc9-441c-46de-abda-7bab73673dd1,3631.1660709078,72.3213317394257,0.39501428604126
cpu_prct_used,144153ad-c64c-4dc2-b056-a9bd09eb67aa,16.8663714349455,145.907762765884,0.073753356933594
messages,03660638-a475-409a-aa05-b6df0c998c94,5499608.42416825,140.223752260208,0.069769382476807
messages_unacknowledged,c174e23c-f33d-4638-83fe-ae738eef3a3c,0.032538093525944,144.926505088806,0.088373422622681
consumers,d5e19b88-f173-4a23-b5e8-0092473a8c86,0.426761537790298,138.449885129929,0.068306684494019
ack,639a94c6-0cf1-41a2-8aa7-2904c2284c39,0.243419644417274,137.570247888565,0.070793151855469
messages_ready,bb6fde01-823e-4711-8786-df04726dfbab,1711150.0586164,72.3213317394257,0.070839881896973
messages,1115a6f3-6e2a-4acc-963e-77e6d7acc2b7,5567027.15579977,140.223752260208,0.071105718612671
cpu_prct_used,bb9f5efe-937a-41dc-83c8-829254d8bfe2,1.75269354990021,145.907762765884,0.073414564132691
messages_unacknowledged,604d9e5d-7da6-4004-8daf-a2cdc127ad5c,385.63018003965,144.926505088806,0.095072269439697
cpu_usage,1ee81c65-3388-4e1d-8193-3277499e177f,0.221462031242114,137.32260966301,0.069307565689087
messages_ready,3cadc957-5115-4ab6-8839-f376d2d47222,0.003619078546762,72.3213317394257,0.068214893341065
cpu,1fc93559-6d5c-4cbb-b234-66e2c0781474,0.67129366564897,137.545269727707,0.071380138397217
cpu_ready,9aad40cc-dcd2-447c-8dd2-1f19e7b22483,10.0613146228845,136.938625574112,0.071354866027832
cpu_prct_used,f48e4f1d-9056-4ccb-b392-907b0c226f61,1.55959687771901,145.907762765884,0.076820611953735
messages_unacknowledged,8ef003f2-7083-4f24-b296-85f685d797c2,0.119175856337723,144.926505088806,0.255741119384766
messages_ready,d57f08db-d7e8-40f8-b9a0-228e6277a5f4,17.1202144616297,72.3213317394257,0.067705154418945
memoryConsumed,dc2f3fe4-5b0b-4bc1-901b-4f6412dd950b,25150.3856564557,68.7267751693726,0.066407918930054
messages_unacknowledged,f71ffb8a-e342-48ef-99dd-81cb6b806241,94.9949281912175,144.926505088806,0.071472644805908
messages_unacknowledged,2f41d808-dadf-4329-8ecc-2edbd3b24ce7,0.000728850718588,144.926505088806,0.090470552444458
consumers,2aa1966e-fa5b-47c3-97a4-f8937da081d8,1.00639792971067,138.449885129929,0.071144819259644
messages_unacknowledged,e3b72bca-b173-4925-b938-8020cd822dbc,0.045901232699538,144.926505088806,0.080467700958252
ack,edf1b0c9-0891-43d1-9b19-449ee4b42b8f,1010.16666591933,137.570247888565,0.074269771575928
ack,9a94b7cf-fc71-4c19-aa05-cc5e820133c9,185.430378260518,137.570247888565,0.066378593444824
memoryConsumed,805d99db-7d44-4777-ba76-6f0fb55f7b59,645150.494340861,68.7267751693726,0.06651520729065
messages_ready,2d899e74-ca43-48f7-95d4-1b89637241dd,0.003619078546762,72.3213317394257,0.064055919647217
messages_ready,ac964b81-2326-4956-823c-8dd10f543076,156.457040234609,72.3213317394257,0.268294095993042
messages,f5efa804-8b41-40c5-8101-34464c02fe7a,1535070.92000664,140.223752260208,0.071819305419922
ack,08f9583b-6999-4835-af7d-cf2f82ddcd5d,935.220410180177,137.570247888565,0.066311836242676
cpu_prct_used,05caa75f-8c3b-4c86-a6a9-4bd227060f38,0.060316774106987,145.907762765884,0.072428226470947
