,timestamp,value
1699,2019-11-25 01:00:18,3.75
1698,2019-11-25 01:05:18,14.625
1697,2019-11-25 01:10:18,15.125
1696,2019-11-25 01:15:18,17.125
1695,2019-11-25 01:20:18,16.25
1694,2019-11-25 01:25:18,17.25
1693,2019-11-25 01:30:18,16.25
1692,2019-11-25 01:35:18,17.0
1691,2019-11-25 01:40:18,16.5
1690,2019-11-25 01:45:18,17.75
1689,2019-11-25 01:50:18,16.0
1688,2019-11-25 01:55:18,16.875
1687,2019-11-25 02:00:18,16.5
1686,2019-11-25 02:05:18,34.875
1685,2019-11-25 02:10:18,19.125
1684,2019-11-25 02:15:18,16.0
1683,2019-11-25 02:20:18,19.125
1682,2019-11-25 02:25:17,17.5
1681,2019-11-25 02:30:17,19.125
1680,2019-11-25 02:35:17,19.875
1679,2019-11-25 02:40:17,13.625
1678,2019-11-25 02:45:17,12.375
1677,2019-11-25 02:50:17,8.5
1676,2019-11-25 02:55:17,6.25
1675,2019-11-25 03:00:17,6.0
1674,2019-11-25 03:05:17,7.875
1673,2019-11-25 03:10:17,7.5
1672,2019-11-25 03:15:17,12.875
1671,2019-11-25 03:20:17,5.5
1670,2019-11-25 03:25:17,6.125
1669,2019-11-25 03:30:17,4.25
1668,2019-11-25 03:35:17,8.5
1667,2019-11-25 03:40:17,6.0
1666,2019-11-25 03:45:17,9.0
1665,2019-11-25 03:50:17,5.625
1664,2019-11-25 03:55:17,8.875
1663,2019-11-25 04:00:17,5.375
1662,2019-11-25 04:05:17,7.625
1661,2019-11-25 04:10:17,15.875
1660,2019-11-25 04:15:17,14.875
1659,2019-11-25 04:20:17,15.75
1658,2019-11-25 04:25:17,9.875
1657,2019-11-25 04:30:17,6.5
1656,2019-11-25 04:35:17,7.375
1655,2019-11-25 04:40:17,6.0
1654,2019-11-25 04:45:17,10.25
1653,2019-11-25 04:50:17,5.25
1652,2019-11-25 04:55:17,9.25
1651,2019-11-25 05:00:17,4.375
1650,2019-11-25 05:05:17,7.875
1649,2019-11-25 05:10:17,7.125
1648,2019-11-25 05:15:17,9.25
1647,2019-11-25 05:20:17,5.875
1646,2019-11-25 05:25:16,15.75
1645,2019-11-25 05:30:16,14.125
1644,2019-11-25 05:35:16,15.125
1643,2019-11-25 05:40:16,15.375
1642,2019-11-25 05:45:16,14.125
1641,2019-11-25 05:50:16,14.875
1640,2019-11-25 05:55:16,14.625
1639,2019-11-25 06:00:16,13.875
1638,2019-11-25 06:05:16,14.625
1637,2019-11-25 06:10:16,15.625
1636,2019-11-25 06:15:16,14.5
1635,2019-11-25 06:20:16,13.75
1634,2019-11-25 06:25:16,13.75
1633,2019-11-25 06:30:16,14.25
1632,2019-11-25 06:35:16,21.5
1631,2019-11-25 06:40:16,15.75
1630,2019-11-25 06:45:16,10.625
1629,2019-11-25 06:50:16,6.625
1628,2019-11-25 06:55:16,7.875
1627,2019-11-25 07:00:16,10.75
1626,2019-11-25 07:05:16,7.875
1625,2019-11-25 07:10:16,7.75
1624,2019-11-25 07:15:16,12.625
1623,2019-11-25 07:20:16,8.25
1622,2019-11-25 07:25:16,11.625
1621,2019-11-25 07:30:16,7.875
1620,2019-11-25 07:35:16,11.125
1619,2019-11-25 07:40:16,9.125
1618,2019-11-25 07:45:16,13.25
1617,2019-11-25 07:50:16,9.75
1616,2019-11-25 07:55:16,13.625
1615,2019-11-25 08:00:16,6.5
1614,2019-11-25 08:05:16,16.625
1613,2019-11-25 08:10:16,9.125
1612,2019-11-25 08:15:16,13.625
1611,2019-11-25 08:20:16,10.625
1610,2019-11-25 08:25:16,16.875
1609,2019-11-25 08:31:01,14.25
1608,2019-11-25 08:36:01,9.375
1607,2019-11-25 08:41:01,6.625
1606,2019-11-25 08:46:01,14.125
1605,2019-11-25 08:51:01,8.25
1604,2019-11-25 08:56:01,14.25
1603,2019-11-25 09:01:01,7.25
1602,2019-11-25 09:06:01,12.375
1601,2019-11-25 09:11:01,10.75
1600,2019-11-25 09:16:01,14.75
1599,2019-11-25 09:21:01,15.875
1598,2019-11-25 09:26:00,15.875
1597,2019-11-25 09:30:59,12.625
1596,2019-11-25 09:35:59,15.875
1595,2019-11-25 09:40:59,17.0
1594,2019-11-25 09:45:59,16.5
1593,2019-11-25 09:50:59,8.625
1592,2019-11-25 09:55:59,14.0
1591,2019-11-25 10:00:59,12.0
1590,2019-11-25 10:05:59,20.875
1589,2019-11-25 10:10:59,11.875
1588,2019-11-25 10:15:59,14.375
1587,2019-11-25 10:20:59,10.125
1586,2019-11-25 10:25:59,16.25
1585,2019-11-25 10:30:59,9.375
1584,2019-11-25 10:35:59,20.875
1583,2019-11-25 10:40:59,15.375
1582,2019-11-25 10:45:59,14.375
1581,2019-11-25 10:50:59,13.25
1580,2019-11-25 10:55:59,15.0
1579,2019-11-25 11:00:59,12.375
1578,2019-11-25 11:05:59,17.0
1577,2019-11-25 11:10:59,10.625
1576,2019-11-25 11:15:59,14.25
1575,2019-11-25 11:20:59,12.5
1574,2019-11-25 11:25:59,12.0
1573,2019-11-25 11:30:59,15.0
1572,2019-11-25 11:35:59,15.25
1571,2019-11-25 11:40:59,11.625
1570,2019-11-25 11:45:59,14.0
1569,2019-11-25 11:50:59,14.0
1568,2019-11-25 11:55:59,22.75
1567,2019-11-25 12:00:59,9.125
1566,2019-11-25 12:05:58,15.875
1565,2019-11-25 12:10:58,9.5
1564,2019-11-25 12:15:58,13.625
1563,2019-11-25 12:20:58,14.625
1562,2019-11-25 12:25:58,18.125
1561,2019-11-25 12:30:58,17.125
1560,2019-11-25 12:35:58,15.0
1559,2019-11-25 12:40:58,12.875
1558,2019-11-25 12:45:58,12.875
1557,2019-11-25 12:50:58,8.625
1556,2019-11-25 12:55:58,13.125
1555,2019-11-25 13:00:58,9.125
1554,2019-11-25 13:05:58,16.75
1553,2019-11-25 13:10:58,14.25
1552,2019-11-25 13:15:58,15.0
1551,2019-11-25 13:20:58,8.625
1550,2019-11-25 13:25:58,11.25
1549,2019-11-25 13:30:58,8.375
1548,2019-11-25 13:35:58,20.0
1547,2019-11-25 13:40:58,12.75
1546,2019-11-25 13:45:58,11.25
1545,2019-11-25 13:50:58,10.75
1544,2019-11-25 13:55:58,16.75
1543,2019-11-25 14:00:58,11.875
1542,2019-11-25 14:05:58,19.375
1541,2019-11-25 14:10:58,10.25
1540,2019-11-25 14:15:58,16.5
1539,2019-11-25 14:20:58,15.5
1538,2019-11-25 14:25:58,14.875
1537,2019-11-25 14:30:58,15.375
1536,2019-11-25 14:35:58,14.375
1535,2019-11-25 14:40:58,15.375
1534,2019-11-25 14:45:57,18.5
1533,2019-11-25 14:50:57,18.375
1532,2019-11-25 14:55:57,12.5
1531,2019-11-25 15:00:57,16.25
1530,2019-11-25 15:05:57,19.75
1529,2019-11-25 15:10:57,14.25
1528,2019-11-25 15:15:57,14.75
1527,2019-11-25 15:20:57,10.375
1526,2019-11-25 15:25:57,15.125
1525,2019-11-25 15:30:57,7.0
1524,2019-11-25 15:35:57,16.25
1523,2019-11-25 15:40:57,8.375
1522,2019-11-25 15:45:57,13.5
1521,2019-11-25 15:50:57,10.125
1520,2019-11-25 15:55:57,13.375
1519,2019-11-25 16:00:57,13.75
1518,2019-11-25 16:05:57,17.875
1517,2019-11-25 16:10:57,9.625
1516,2019-11-25 16:15:57,19.25
1515,2019-11-25 16:20:57,12.0
1514,2019-11-25 16:25:57,15.75
1513,2019-11-25 16:30:57,14.5
1512,2019-11-25 16:35:57,21.0
1511,2019-11-25 16:40:57,10.125
1510,2019-11-25 16:45:57,16.25
1509,2019-11-25 16:53:20,17.75
1508,2019-11-25 16:58:20,18.375
1507,2019-11-25 17:03:20,17.875
1506,2019-11-25 17:08:20,12.625
1505,2019-11-25 17:13:20,15.375
1504,2019-11-25 17:18:20,13.125
1503,2019-11-25 17:23:19,16.875
1502,2019-11-25 17:28:19,12.75
1501,2019-11-25 17:33:18,21.875
1500,2019-11-25 17:38:18,8.875
1499,2019-11-25 17:43:18,25.375
1498,2019-11-25 17:48:18,12.75
1497,2019-11-25 17:53:18,14.5
1496,2019-11-25 17:58:18,12.875
1495,2019-11-25 18:03:18,19.25
1494,2019-11-25 18:08:18,16.125
1493,2019-11-25 18:13:18,10.625
1492,2019-11-25 18:18:18,10.25
1491,2019-11-25 18:23:18,14.5
1490,2019-11-25 18:28:18,17.375
1489,2019-11-25 18:33:18,15.0
1488,2019-11-25 18:38:18,9.125
1487,2019-11-25 18:43:18,19.0
1486,2019-11-25 18:48:18,12.125
1485,2019-11-25 18:53:18,15.625
1484,2019-11-25 18:58:18,12.125
1483,2019-11-25 19:03:18,17.125
1482,2019-11-25 19:08:18,11.375
1481,2019-11-25 19:13:18,18.0
1480,2019-11-25 19:18:18,8.625
1479,2019-11-25 19:23:18,12.75
1478,2019-11-25 19:28:18,12.375
1477,2019-11-25 19:33:18,16.125
1476,2019-11-25 19:38:18,11.5
1475,2019-11-25 19:43:18,14.75
1474,2019-11-25 19:48:18,14.375
1473,2019-11-25 19:53:18,12.625
1472,2019-11-25 19:58:18,11.25
1471,2019-11-25 20:03:18,15.75
1470,2019-11-25 20:08:18,12.625
1469,2019-11-25 20:13:18,19.5
1468,2019-11-25 20:18:18,10.375
1467,2019-11-25 20:23:18,14.125
1466,2019-11-25 20:28:18,9.625
1465,2019-11-25 20:33:18,17.125
1464,2019-11-25 20:38:18,12.0
1463,2019-11-25 20:43:18,18.0
1462,2019-11-25 20:48:18,11.125
1461,2019-11-25 20:53:18,20.125
1460,2019-11-25 20:58:18,14.5
1459,2019-11-25 21:03:18,16.0
1458,2019-11-25 21:08:18,15.75
1457,2019-11-25 21:13:18,21.375
1456,2019-11-25 21:18:18,18.25
1455,2019-11-25 21:23:18,10.625
1454,2019-11-25 21:28:18,9.625
1453,2019-11-25 21:33:18,13.5
1452,2019-11-25 21:38:18,19.625
1451,2019-11-25 21:43:18,19.0
1450,2019-11-25 21:48:18,26.625
1449,2019-11-25 21:53:18,17.0
1448,2019-11-25 21:58:18,14.625
1447,2019-11-25 22:03:18,16.75
1446,2019-11-25 22:08:17,33.5
1445,2019-11-25 22:13:16,15.25
1444,2019-11-25 22:18:15,11.5
1443,2019-11-25 22:23:15,19.125
1442,2019-11-25 22:28:15,11.5
1441,2019-11-25 22:33:15,18.875
1440,2019-11-25 22:38:15,15.875
1439,2019-11-25 22:43:15,16.625
1438,2019-11-25 22:48:15,15.875
1437,2019-11-25 22:53:15,14.75
1436,2019-11-25 22:58:15,15.875
1435,2019-11-25 23:03:15,16.5
1434,2019-11-25 23:08:15,18.0
1433,2019-11-25 23:13:15,15.625
1432,2019-11-25 23:18:15,15.0
1431,2019-11-25 23:23:15,22.0
1430,2019-11-25 23:28:15,24.125
1429,2019-11-25 23:33:15,17.375
1428,2019-11-25 23:38:15,14.5
1427,2019-11-25 23:43:15,10.625
1426,2019-11-25 23:48:15,18.625
1425,2019-11-25 23:53:15,16.625
1424,2019-11-25 23:58:15,17.0
1423,2019-11-26 00:03:15,17.625
1422,2019-11-26 00:08:15,17.875
1421,2019-11-26 00:13:15,4.125
1420,2019-11-26 00:18:15,3.25
1419,2019-11-26 00:23:15,3.375
1418,2019-11-26 00:28:14,2.75
1417,2019-11-26 00:33:14,4.75
1416,2019-11-26 00:38:13,2.875
1415,2019-11-26 00:43:13,3.875
1414,2019-11-26 00:48:13,3.5
1413,2019-11-26 00:53:13,7.375
1412,2019-11-26 00:58:13,2.875
1411,2019-11-26 01:03:13,14.625
1410,2019-11-26 01:08:13,13.75
1409,2019-11-26 01:13:13,16.75
1408,2019-11-26 01:18:13,17.125
1407,2019-11-26 01:23:13,18.75
1406,2019-11-26 01:28:13,16.0
1405,2019-11-26 01:33:13,18.375
1404,2019-11-26 01:38:13,17.0
1403,2019-11-26 01:43:13,19.875
1402,2019-11-26 01:48:13,15.625
1401,2019-11-26 01:53:13,17.5
1400,2019-11-26 01:58:13,16.75
1399,2019-11-26 02:03:13,19.375
1398,2019-11-26 02:08:13,35.0
1397,2019-11-26 02:13:13,33.375
1396,2019-11-26 02:18:13,15.875
1395,2019-11-26 02:23:13,18.125
1394,2019-11-26 02:28:13,15.375
1393,2019-11-26 02:33:13,19.875
1392,2019-11-26 02:38:13,20.625
1391,2019-11-26 02:43:13,15.0
1390,2019-11-26 02:48:13,10.375
1389,2019-11-26 02:53:13,13.25
1388,2019-11-26 02:58:13,4.125
1387,2019-11-26 03:03:13,7.25
1386,2019-11-26 03:08:13,5.75
1385,2019-11-26 03:13:13,11.125
1384,2019-11-26 03:18:13,6.0
1383,2019-11-26 03:23:13,10.125
1382,2019-11-26 03:28:13,6.5
1381,2019-11-26 03:33:13,8.125
1380,2019-11-26 03:38:13,5.0
1379,2019-11-26 03:43:13,8.625
1378,2019-11-26 03:48:13,4.625
1377,2019-11-26 03:53:13,6.375
1376,2019-11-26 03:58:13,4.875
1375,2019-11-26 04:03:13,8.25
1374,2019-11-26 04:08:13,15.25
1373,2019-11-26 04:13:13,15.0
1372,2019-11-26 04:18:13,14.75
1371,2019-11-26 04:23:13,8.0
1370,2019-11-26 04:28:13,7.0
1369,2019-11-26 04:33:13,7.25
1368,2019-11-26 04:38:13,7.25
1367,2019-11-26 04:43:12,13.875
1366,2019-11-26 04:48:12,9.0
1365,2019-11-26 04:53:12,9.5
1364,2019-11-26 04:58:12,6.625
1363,2019-11-26 05:03:12,10.75
1362,2019-11-26 05:08:12,6.25
1361,2019-11-26 05:13:12,9.25
1360,2019-11-26 05:18:12,13.75
1359,2019-11-26 05:23:12,14.25
1358,2019-11-26 05:28:12,15.25
1357,2019-11-26 05:33:12,14.0
1356,2019-11-26 05:38:12,16.5
1355,2019-11-26 05:43:12,15.875
1354,2019-11-26 05:48:12,14.25
1353,2019-11-26 05:53:12,14.875
1352,2019-11-26 05:58:12,14.875
1351,2019-11-26 06:03:12,14.875
1350,2019-11-26 06:08:12,13.625
1349,2019-11-26 06:13:12,15.0
1348,2019-11-26 06:18:12,15.125
1347,2019-11-26 06:23:12,14.75
1346,2019-11-26 06:28:12,18.5
1345,2019-11-26 06:33:12,19.0
1344,2019-11-26 06:38:12,4.5
1343,2019-11-26 06:43:12,7.5
1342,2019-11-26 06:48:12,5.5
1341,2019-11-26 06:53:12,9.5
1340,2019-11-26 06:58:12,4.125
1339,2019-11-26 07:03:12,8.125
1338,2019-11-26 07:08:12,7.375
1337,2019-11-26 07:13:12,10.5
1336,2019-11-26 07:18:12,13.625
1335,2019-11-26 07:23:12,13.625
1334,2019-11-26 07:28:12,8.0
1333,2019-11-26 07:33:12,12.25
1332,2019-11-26 07:38:12,6.875
1331,2019-11-26 07:43:12,9.75
1330,2019-11-26 07:48:12,5.375
1329,2019-11-26 07:53:12,7.875
1328,2019-11-26 07:58:12,6.5
1327,2019-11-26 08:03:12,9.125
1326,2019-11-26 08:08:12,5.875
1325,2019-11-26 08:13:12,10.75
1324,2019-11-26 08:18:12,8.375
1323,2019-11-26 08:23:12,11.75
1322,2019-11-26 08:28:12,13.5
1321,2019-11-26 08:33:12,11.25
1320,2019-11-26 08:38:12,8.0
1319,2019-11-26 08:43:12,16.125
1318,2019-11-26 08:48:12,8.25
1317,2019-11-26 08:53:12,14.75
1316,2019-11-26 08:58:12,16.5
1315,2019-11-26 09:03:12,17.625
1314,2019-11-26 09:08:12,9.375
1313,2019-11-26 09:13:12,11.125
1312,2019-11-26 09:18:12,7.0
1311,2019-11-26 09:23:12,16.75
1310,2019-11-26 09:28:12,10.125
1309,2019-11-26 09:33:12,15.125
1308,2019-11-26 09:38:12,8.25
1307,2019-11-26 09:43:12,13.5
1306,2019-11-26 09:48:12,15.875
1305,2019-11-26 09:53:12,15.75
1304,2019-11-26 09:58:12,13.0
1303,2019-11-26 10:03:12,16.0
1302,2019-11-26 10:08:12,9.875
1301,2019-11-26 10:13:12,13.875
1300,2019-11-26 10:18:12,14.5
1299,2019-11-26 10:23:12,12.625
1298,2019-11-26 10:28:12,21.375
1297,2019-11-26 10:33:12,13.125
1296,2019-11-26 10:38:12,7.625
1295,2019-11-26 10:43:12,17.375
1294,2019-11-26 10:48:12,9.875
1293,2019-11-26 10:53:12,16.375
1292,2019-11-26 10:58:12,21.25
1291,2019-11-26 11:03:12,17.375
1290,2019-11-26 11:08:12,15.25
1289,2019-11-26 11:13:12,10.0
1288,2019-11-26 11:18:12,9.25
1287,2019-11-26 11:23:12,11.75
1286,2019-11-26 11:28:12,14.375
1285,2019-11-26 11:33:12,18.25
1284,2019-11-26 11:38:12,9.0
1283,2019-11-26 11:43:12,15.25
1282,2019-11-26 11:48:12,15.125
1281,2019-11-26 11:53:12,14.25
1280,2019-11-26 11:58:12,9.0
1279,2019-11-26 12:03:12,11.875
1278,2019-11-26 12:08:12,11.125
1277,2019-11-26 12:13:12,13.0
1276,2019-11-26 12:18:12,8.25
1275,2019-11-26 12:23:12,15.375
1274,2019-11-26 12:28:12,10.875
1273,2019-11-26 12:33:12,15.625
1272,2019-11-26 12:38:12,16.0
1271,2019-11-26 12:43:12,15.75
1270,2019-11-26 12:48:12,16.375
1269,2019-11-26 12:53:12,16.5
1268,2019-11-26 12:58:12,9.375
1267,2019-11-26 13:03:12,16.75
1266,2019-11-26 13:08:12,11.5
1265,2019-11-26 13:13:12,20.25
1264,2019-11-26 13:18:12,10.0
1263,2019-11-26 13:23:12,17.625
1262,2019-11-26 13:28:12,13.0
1261,2019-11-26 13:33:12,19.25
1260,2019-11-26 13:38:12,10.125
1259,2019-11-26 13:43:12,17.0
1258,2019-11-26 13:48:12,9.0
1257,2019-11-26 13:53:12,13.5
1256,2019-11-26 13:58:12,12.625
1255,2019-11-26 14:03:12,15.125
1254,2019-11-26 14:08:12,29.125
1253,2019-11-26 14:13:12,13.0
1252,2019-11-26 14:18:12,10.75
1251,2019-11-26 14:23:12,15.125
1250,2019-11-26 14:28:12,21.875
1249,2019-11-26 14:33:12,17.75
1248,2019-11-26 14:38:12,14.0
1247,2019-11-26 14:43:12,20.5
1246,2019-11-26 14:48:12,13.25
1245,2019-11-26 14:53:12,15.875
1244,2019-11-26 14:58:12,14.125
1243,2019-11-26 15:03:12,14.625
1242,2019-11-26 15:08:12,8.0
1241,2019-11-26 15:13:12,17.125
1240,2019-11-26 15:18:12,9.75
1239,2019-11-26 15:23:12,17.375
1238,2019-11-26 15:28:12,10.375
1237,2019-11-26 15:33:12,17.0
1236,2019-11-26 15:38:12,11.375
1235,2019-11-26 15:43:12,17.625
1234,2019-11-26 15:48:12,12.75
1233,2019-11-26 15:53:12,13.875
1232,2019-11-26 15:58:12,7.75
1231,2019-11-26 16:03:12,16.25
1230,2019-11-26 16:08:12,14.375
1229,2019-11-26 16:13:12,17.125
1228,2019-11-26 16:18:12,18.5
1227,2019-11-26 16:23:11,14.0
1226,2019-11-26 16:28:11,15.25
1225,2019-11-26 16:33:11,12.0
1224,2019-11-26 16:38:11,9.5
1223,2019-11-26 16:43:10,20.375
1222,2019-11-26 16:48:09,10.125
1221,2019-11-26 16:53:09,22.875
1220,2019-11-26 16:58:09,14.625
1219,2019-11-26 17:03:09,14.75
1218,2019-11-26 17:08:09,9.0
1217,2019-11-26 17:13:09,18.75
1216,2019-11-26 17:18:09,12.375
1215,2019-11-26 17:23:09,18.875
1214,2019-11-26 17:28:09,16.125
1213,2019-11-26 17:33:09,16.25
1212,2019-11-26 17:38:09,10.875
1211,2019-11-26 17:43:09,11.75
1210,2019-11-26 17:48:09,19.5
1209,2019-11-26 17:53:09,18.125
1208,2019-11-26 17:58:09,14.0
1207,2019-11-26 18:03:09,14.125
1206,2019-11-26 18:08:09,10.75
1205,2019-11-26 18:13:09,16.125
1204,2019-11-26 18:18:09,12.0
1203,2019-11-26 18:23:09,11.625
1202,2019-11-26 18:28:09,10.375
1201,2019-11-26 18:33:09,15.875
1200,2019-11-26 18:38:09,11.0
1199,2019-11-26 18:43:09,16.5
1198,2019-11-26 18:48:09,11.875
1197,2019-11-26 18:53:09,12.625
1196,2019-11-26 18:58:09,17.625
1195,2019-11-26 19:03:09,13.75
1194,2019-11-26 19:08:09,13.25
1193,2019-11-26 19:13:09,15.625
1192,2019-11-26 19:18:09,14.25
1191,2019-11-26 19:23:09,15.75
1190,2019-11-26 19:28:09,12.875
1189,2019-11-26 19:33:09,11.0
1188,2019-11-26 19:38:09,11.875
1187,2019-11-26 19:43:09,12.25
1186,2019-11-26 19:48:09,10.5
1185,2019-11-26 19:53:09,15.125
1184,2019-11-26 19:58:09,8.125
1183,2019-11-26 20:03:09,15.875
1182,2019-11-26 20:08:09,21.875
1181,2019-11-26 20:13:09,14.0
1180,2019-11-26 20:18:09,11.0
1179,2019-11-26 20:23:09,13.75
1178,2019-11-26 20:28:09,13.75
1177,2019-11-26 20:33:09,14.0
1176,2019-11-26 20:38:09,10.875
1175,2019-11-26 20:43:09,8.125
1174,2019-11-26 20:48:09,18.25
1173,2019-11-26 20:53:09,14.125
1172,2019-11-26 20:58:09,14.125
1171,2019-11-26 21:03:09,11.5
1170,2019-11-26 21:08:09,12.625
1169,2019-11-26 21:13:09,18.625
1168,2019-11-26 21:18:09,16.75
1167,2019-11-26 21:23:09,20.25
1166,2019-11-26 21:28:09,17.5
1165,2019-11-26 21:33:09,16.0
1164,2019-11-26 21:38:09,25.5
1163,2019-11-26 21:43:09,12.125
1162,2019-11-26 21:48:09,17.25
1161,2019-11-26 21:53:09,17.625
1160,2019-11-26 21:58:09,14.625
1159,2019-11-26 22:03:09,15.625
1158,2019-11-26 22:08:09,15.5
1157,2019-11-26 22:13:09,20.625
1156,2019-11-26 22:18:09,18.5
1155,2019-11-26 22:23:09,22.125
1154,2019-11-26 22:28:09,15.0
1153,2019-11-26 22:33:09,13.375
1152,2019-11-26 22:38:09,17.75
1151,2019-11-26 22:43:09,16.875
1150,2019-11-26 22:48:09,17.625
1149,2019-11-26 22:53:09,21.625
1148,2019-11-26 22:58:09,21.125
1147,2019-11-26 23:03:09,9.75
1146,2019-11-26 23:08:09,19.75
1145,2019-11-26 23:13:09,17.0
1144,2019-11-26 23:18:09,12.375
1143,2019-11-26 23:23:09,17.375
1142,2019-11-26 23:28:09,20.875
1141,2019-11-26 23:33:09,21.25
1140,2019-11-26 23:38:09,16.125
1139,2019-11-26 23:43:09,16.625
1138,2019-11-26 23:48:09,23.5
1137,2019-11-26 23:53:09,15.875
1136,2019-11-26 23:58:09,20.375
1135,2019-11-27 00:03:09,25.75
1134,2019-11-27 00:08:09,10.5
1133,2019-11-27 00:13:09,3.5
1132,2019-11-27 00:18:09,2.875
1131,2019-11-27 00:23:08,3.75
1130,2019-11-27 00:28:08,2.875
1129,2019-11-27 00:33:08,5.5
1128,2019-11-27 00:38:08,3.5
1127,2019-11-27 00:43:08,5.0
1126,2019-11-27 00:48:08,2.625
1125,2019-11-27 00:53:08,5.25
1124,2019-11-27 00:58:08,2.875
1123,2019-11-27 01:03:08,15.75
1122,2019-11-27 01:08:08,17.0
1121,2019-11-27 01:13:08,17.375
1120,2019-11-27 01:18:08,16.0
1119,2019-11-27 01:23:08,17.75
1118,2019-11-27 01:28:08,15.375
1117,2019-11-27 01:33:08,17.75
1116,2019-11-27 01:38:08,15.125
1115,2019-11-27 01:43:08,17.875
1114,2019-11-27 01:48:08,17.5
1113,2019-11-27 01:53:08,21.25
1112,2019-11-27 01:58:08,17.375
1111,2019-11-27 02:03:08,37.5
1110,2019-11-27 02:08:08,28.875
1109,2019-11-27 02:13:08,16.25
1108,2019-11-27 02:18:08,16.375
1107,2019-11-27 02:23:08,17.0
1106,2019-11-27 02:28:08,18.125
1105,2019-11-27 02:33:08,18.5
1104,2019-11-27 02:38:08,16.875
1103,2019-11-27 02:43:08,13.75
1102,2019-11-27 02:48:08,10.75
1101,2019-11-27 02:53:08,8.0
1100,2019-11-27 02:58:08,6.0
1099,2019-11-27 03:03:08,10.0
1098,2019-11-27 03:08:08,5.5
1097,2019-11-27 03:13:07,8.625
1096,2019-11-27 03:18:07,6.875
1095,2019-11-27 03:23:06,7.75
1094,2019-11-27 03:28:06,5.375
1093,2019-11-27 03:33:06,9.75
1092,2019-11-27 03:38:06,5.25
1091,2019-11-27 03:43:06,11.25
1090,2019-11-27 03:48:06,5.25
1089,2019-11-27 03:53:06,9.0
1088,2019-11-27 03:58:06,4.375
1087,2019-11-27 04:03:06,11.375
1086,2019-11-27 04:08:06,14.875
1085,2019-11-27 04:13:06,15.125
1084,2019-11-27 04:18:06,14.0
1083,2019-11-27 04:23:06,13.375
1082,2019-11-27 04:28:06,5.75
1081,2019-11-27 04:33:06,7.875
1080,2019-11-27 04:38:06,7.375
1079,2019-11-27 04:43:06,9.375
1078,2019-11-27 04:48:06,5.75
1077,2019-11-27 04:53:06,12.0
1076,2019-11-27 04:58:06,3.625
1075,2019-11-27 05:03:06,8.375
1074,2019-11-27 05:08:06,5.5
1073,2019-11-27 05:13:06,9.125
1072,2019-11-27 05:18:06,12.375
1071,2019-11-27 05:23:06,14.5
1070,2019-11-27 05:28:06,14.75
1069,2019-11-27 05:33:05,14.125
1068,2019-11-27 05:38:04,14.5
1067,2019-11-27 05:43:04,15.875
1066,2019-11-27 05:48:04,15.25
1065,2019-11-27 05:53:04,15.0
1064,2019-11-27 05:58:04,14.5
1063,2019-11-27 06:03:04,16.75
1062,2019-11-27 06:08:04,15.5
1061,2019-11-27 06:13:04,15.25
1060,2019-11-27 06:18:04,15.375
1059,2019-11-27 06:23:04,15.875
1058,2019-11-27 06:28:04,14.0
1057,2019-11-27 06:33:04,17.25
1056,2019-11-27 06:38:04,14.5
1055,2019-11-27 06:43:04,13.125
1054,2019-11-27 06:48:04,5.25
1053,2019-11-27 06:53:04,12.75
1052,2019-11-27 06:58:04,4.125
1051,2019-11-27 07:03:04,7.5
1050,2019-11-27 07:08:04,6.375
1049,2019-11-27 07:13:04,14.625
1048,2019-11-27 07:18:04,6.625
1047,2019-11-27 07:23:04,13.875
1046,2019-11-27 07:28:03,5.75
1045,2019-11-27 07:33:03,7.875
1044,2019-11-27 07:38:02,6.5
1043,2019-11-27 07:43:02,13.5
1042,2019-11-27 07:48:02,7.0
1041,2019-11-27 07:53:02,13.0
1040,2019-11-27 07:58:02,7.75
1039,2019-11-27 08:03:02,13.875
1038,2019-11-27 08:08:02,8.25
1037,2019-11-27 08:13:02,8.25
1036,2019-11-27 08:18:02,7.75
1035,2019-11-27 08:23:02,13.0
1034,2019-11-27 08:28:02,7.625
1033,2019-11-27 08:33:02,14.375
1032,2019-11-27 08:38:02,8.125
1031,2019-11-27 08:43:02,9.0
1030,2019-11-27 08:48:02,8.0
1029,2019-11-27 08:53:02,13.375
1028,2019-11-27 08:58:02,8.625
1027,2019-11-27 09:03:02,16.5
1026,2019-11-27 09:08:02,10.0
1025,2019-11-27 09:13:02,14.0
1024,2019-11-27 09:18:02,8.375
1023,2019-11-27 09:23:02,12.75
1022,2019-11-27 09:28:02,8.875
1021,2019-11-27 09:33:02,17.5
1020,2019-11-27 09:38:02,10.0
1019,2019-11-27 09:43:02,14.5
1018,2019-11-27 09:48:02,9.125
1017,2019-11-27 09:53:02,12.25
1016,2019-11-27 09:58:02,10.125
1015,2019-11-27 10:03:02,16.75
1014,2019-11-27 10:08:02,15.25
1013,2019-11-27 10:13:02,13.875
1012,2019-11-27 10:18:02,10.125
1011,2019-11-27 10:23:02,11.875
1010,2019-11-27 10:28:02,12.25
1009,2019-11-27 10:33:02,11.5
1008,2019-11-27 10:38:02,14.75
1007,2019-11-27 10:43:02,15.125
1006,2019-11-27 10:48:02,14.375
1005,2019-11-27 10:53:02,14.0
1004,2019-11-27 10:58:02,16.375
1003,2019-11-27 11:03:02,14.125
1002,2019-11-27 11:08:02,8.625
1001,2019-11-27 11:13:02,11.25
1000,2019-11-27 11:18:02,8.25
999,2019-11-27 11:23:02,16.875
998,2019-11-27 11:28:02,15.25
997,2019-11-27 11:33:02,15.125
996,2019-11-27 11:38:02,11.75
995,2019-11-27 11:43:02,18.0
994,2019-11-27 11:48:02,28.625
993,2019-11-27 11:53:02,13.125
992,2019-11-27 11:58:02,13.375
991,2019-11-27 12:03:02,11.75
990,2019-11-27 12:08:02,9.75
989,2019-11-27 12:13:02,19.25
988,2019-11-27 12:18:02,14.25
987,2019-11-27 12:23:02,14.625
986,2019-11-27 12:28:02,12.375
985,2019-11-27 12:33:02,18.75
984,2019-11-27 12:38:02,9.625
983,2019-11-27 12:43:02,20.625
982,2019-11-27 12:48:02,13.0
981,2019-11-27 12:53:02,15.125
980,2019-11-27 12:58:02,10.375
979,2019-11-27 13:03:02,19.125
978,2019-11-27 13:08:02,10.5
977,2019-11-27 13:13:02,15.25
976,2019-11-27 13:18:02,7.875
975,2019-11-27 13:23:02,14.0
974,2019-11-27 13:28:02,13.625
973,2019-11-27 13:33:02,13.875
972,2019-11-27 13:38:02,12.0
971,2019-11-27 13:43:02,14.0
970,2019-11-27 13:48:02,10.625
969,2019-11-27 13:53:02,14.375
968,2019-11-27 13:58:02,13.0
967,2019-11-27 14:03:02,21.625
966,2019-11-27 14:08:02,12.25
965,2019-11-27 14:13:02,16.75
964,2019-11-27 14:18:02,13.0
963,2019-11-27 14:23:02,13.375
962,2019-11-27 14:28:02,8.5
961,2019-11-27 14:33:02,14.875
960,2019-11-27 14:38:02,18.0
959,2019-11-27 14:43:02,11.5
958,2019-11-27 14:48:02,10.125
957,2019-11-27 14:53:02,11.75
956,2019-11-27 14:58:02,11.875
955,2019-11-27 15:03:02,14.125
954,2019-11-27 15:08:02,12.375
953,2019-11-27 15:13:02,18.5
952,2019-11-27 15:18:02,9.75
951,2019-11-27 15:23:02,13.625
950,2019-11-27 15:28:02,13.75
949,2019-11-27 15:33:02,16.875
948,2019-11-27 15:38:02,13.5
947,2019-11-27 15:43:02,13.0
946,2019-11-27 15:48:02,14.5
945,2019-11-27 15:53:02,12.875
944,2019-11-27 15:58:02,16.125
943,2019-11-27 16:03:02,16.75
942,2019-11-27 16:08:02,10.75
941,2019-11-27 16:13:02,15.75
940,2019-11-27 16:18:02,14.0
939,2019-11-27 16:23:02,14.625
938,2019-11-27 16:28:02,14.125
937,2019-11-27 16:33:02,15.125
936,2019-11-27 16:38:02,16.625
935,2019-11-27 16:43:02,15.875
934,2019-11-27 16:48:02,17.375
933,2019-11-27 16:53:01,13.625
932,2019-11-27 16:58:01,10.5
931,2019-11-27 17:03:01,17.25
930,2019-11-27 17:08:01,13.5
929,2019-11-27 17:13:01,17.75
928,2019-11-27 17:18:01,14.125
927,2019-11-27 17:23:01,19.25
926,2019-11-27 17:28:01,16.375
925,2019-11-27 17:33:01,15.25
924,2019-11-27 17:38:01,23.625
923,2019-11-27 17:43:01,15.75
922,2019-11-27 17:48:01,13.125
921,2019-11-27 17:53:01,21.0
920,2019-11-27 17:58:01,22.625
919,2019-11-27 18:03:01,15.25
918,2019-11-27 18:08:01,6.125
917,2019-11-27 18:13:01,17.375
916,2019-11-27 18:18:01,8.125
915,2019-11-27 18:23:01,13.75
914,2019-11-27 18:28:01,8.625
913,2019-11-27 18:33:01,13.75
912,2019-11-27 18:38:01,14.375
911,2019-11-27 18:43:01,14.0
910,2019-11-27 18:48:01,10.5
909,2019-11-27 18:53:01,11.0
908,2019-11-27 18:58:01,15.375
907,2019-11-27 19:03:01,14.875
906,2019-11-27 19:08:01,15.0
905,2019-11-27 19:13:01,13.375
904,2019-11-27 19:18:01,19.375
903,2019-11-27 19:23:01,12.5
902,2019-11-27 19:28:01,12.0
901,2019-11-27 19:33:01,13.75
900,2019-11-27 19:38:01,13.5
899,2019-11-27 19:43:01,16.5
898,2019-11-27 19:48:01,17.5
897,2019-11-27 19:53:01,9.25
896,2019-11-27 19:58:01,13.875
895,2019-11-27 20:03:01,18.875
894,2019-11-27 20:08:01,9.75
893,2019-11-27 20:13:01,12.125
892,2019-11-27 20:18:01,12.5
891,2019-11-27 20:23:01,11.125
890,2019-11-27 20:28:01,14.625
889,2019-11-27 20:33:01,15.625
888,2019-11-27 20:38:01,17.25
887,2019-11-27 20:43:01,15.75
886,2019-11-27 20:48:01,18.625
885,2019-11-27 20:53:00,12.5
884,2019-11-27 20:57:59,13.625
883,2019-11-27 21:02:59,11.875
882,2019-11-27 21:07:59,12.875
881,2019-11-27 21:12:59,14.0
880,2019-11-27 21:17:59,16.75
879,2019-11-27 21:22:59,17.0
878,2019-11-27 21:27:59,18.125
877,2019-11-27 21:32:59,12.125
876,2019-11-27 21:37:59,15.25
875,2019-11-27 21:42:59,14.75
874,2019-11-27 21:47:59,15.75
873,2019-11-27 21:52:59,15.625
872,2019-11-27 21:57:59,15.375
871,2019-11-27 22:02:59,16.125
870,2019-11-27 22:07:58,18.75
869,2019-11-27 22:12:58,15.5
868,2019-11-27 22:17:58,16.5
867,2019-11-27 22:22:58,14.75
866,2019-11-27 22:27:58,24.0
865,2019-11-27 22:32:58,17.125
864,2019-11-27 22:37:57,8.875
863,2019-11-27 22:42:57,16.25
862,2019-11-27 22:47:57,16.25
861,2019-11-27 22:52:57,14.375
860,2019-11-27 22:57:57,10.75
859,2019-11-27 23:02:57,23.5
858,2019-11-27 23:07:57,14.375
857,2019-11-27 23:12:57,13.75
856,2019-11-27 23:17:57,18.5
855,2019-11-27 23:22:57,15.875
854,2019-11-27 23:27:57,18.375
853,2019-11-27 23:32:56,16.75
852,2019-11-27 23:37:56,15.875
851,2019-11-27 23:42:56,16.125
850,2019-11-27 23:47:56,16.625
849,2019-11-27 23:52:56,15.625
848,2019-11-27 23:57:56,15.75
847,2019-11-28 00:02:56,14.75
846,2019-11-28 00:07:56,13.75
845,2019-11-28 00:12:56,4.125
844,2019-11-28 00:17:56,3.5
843,2019-11-28 00:22:56,3.25
842,2019-11-28 00:27:56,2.5
841,2019-11-28 00:32:55,3.5
840,2019-11-28 00:37:55,3.0
839,2019-11-28 00:42:55,3.75
838,2019-11-28 00:47:55,4.0
837,2019-11-28 00:52:55,4.25
836,2019-11-28 00:57:55,3.375
835,2019-11-28 01:02:55,9.875
834,2019-11-28 01:07:55,13.875
833,2019-11-28 01:12:55,14.125
832,2019-11-28 01:17:55,15.125
831,2019-11-28 01:22:55,14.5
830,2019-11-28 01:27:54,14.5
829,2019-11-28 01:32:54,16.0
828,2019-11-28 01:37:54,14.375
827,2019-11-28 01:42:54,15.625
826,2019-11-28 01:47:54,15.125
825,2019-11-28 01:52:54,15.75
824,2019-11-28 01:57:54,18.25
823,2019-11-28 02:02:54,17.75
822,2019-11-28 02:07:54,32.875
821,2019-11-28 02:12:54,25.75
820,2019-11-28 02:17:54,14.25
819,2019-11-28 02:22:54,15.0
818,2019-11-28 02:27:54,15.125
817,2019-11-28 02:32:54,17.625
816,2019-11-28 02:37:54,19.5
815,2019-11-28 02:42:54,23.375
814,2019-11-28 02:47:54,11.625
813,2019-11-28 02:52:54,13.875
812,2019-11-28 02:57:54,6.125
811,2019-11-28 03:02:54,8.625
810,2019-11-28 03:07:54,5.25
809,2019-11-28 03:12:54,12.125
808,2019-11-28 03:17:54,3.25
807,2019-11-28 03:22:54,8.375
806,2019-11-28 03:27:54,2.625
805,2019-11-28 03:32:54,5.5
804,2019-11-28 03:37:54,3.0
803,2019-11-28 03:42:54,7.25
802,2019-11-28 03:47:54,5.625
801,2019-11-28 03:52:54,8.125
800,2019-11-28 03:57:54,5.625
799,2019-11-28 04:02:54,6.0
798,2019-11-28 04:07:54,15.125
797,2019-11-28 04:12:54,13.875
796,2019-11-28 04:17:54,13.375
795,2019-11-28 04:22:54,7.125
794,2019-11-28 04:27:54,5.75
793,2019-11-28 04:32:54,8.875
792,2019-11-28 04:37:54,4.625
791,2019-11-28 04:42:54,6.375
790,2019-11-28 04:47:54,6.625
789,2019-11-28 04:52:54,8.875
788,2019-11-28 04:57:54,4.875
787,2019-11-28 05:02:54,11.125
786,2019-11-28 05:07:54,5.625
785,2019-11-28 05:12:54,8.25
784,2019-11-28 05:17:54,5.625
783,2019-11-28 05:22:54,12.375
782,2019-11-28 05:27:54,15.0
781,2019-11-28 05:32:54,15.625
780,2019-11-28 05:37:54,15.75
779,2019-11-28 05:42:54,15.5
778,2019-11-28 05:47:54,14.625
777,2019-11-28 05:52:54,15.875
776,2019-11-28 05:57:54,15.75
775,2019-11-28 06:02:54,15.375
774,2019-11-28 06:07:54,13.875
773,2019-11-28 06:12:54,18.25
772,2019-11-28 06:17:54,13.875
771,2019-11-28 06:22:54,14.125
770,2019-11-28 06:27:54,17.375
769,2019-11-28 06:32:54,22.0
768,2019-11-28 06:37:54,9.875
767,2019-11-28 06:42:54,10.875
766,2019-11-28 06:47:54,4.75
765,2019-11-28 06:52:54,10.875
764,2019-11-28 06:57:54,8.25
763,2019-11-28 07:02:54,10.25
762,2019-11-28 07:07:54,6.75
761,2019-11-28 07:12:54,6.625
760,2019-11-28 07:17:54,7.25
759,2019-11-28 07:22:54,12.625
758,2019-11-28 07:27:54,6.5
757,2019-11-28 07:32:54,13.75
756,2019-11-28 07:37:54,7.125
755,2019-11-28 07:42:54,9.0
754,2019-11-28 07:47:54,8.125
753,2019-11-28 07:52:54,12.125
752,2019-11-28 07:57:54,8.5
751,2019-11-28 08:02:54,7.125
750,2019-11-28 08:07:54,7.25
749,2019-11-28 08:12:54,16.25
748,2019-11-28 08:17:54,8.25
747,2019-11-28 08:22:54,13.0
746,2019-11-28 08:27:54,8.75
745,2019-11-28 08:32:54,17.625
744,2019-11-28 08:37:54,13.25
743,2019-11-28 08:42:54,15.25
742,2019-11-28 08:47:54,9.625
741,2019-11-28 08:52:54,18.875
740,2019-11-28 08:57:54,13.125
739,2019-11-28 09:02:54,11.125
738,2019-11-28 09:07:54,13.0
737,2019-11-28 09:12:54,15.875
736,2019-11-28 09:17:54,8.875
735,2019-11-28 09:22:54,17.0
734,2019-11-28 09:32:54,9.5
733,2019-11-28 09:37:54,14.875
732,2019-11-28 09:42:54,13.125
731,2019-11-28 09:47:54,15.5
730,2019-11-28 09:57:54,11.375
729,2019-11-28 10:02:54,14.75
728,2019-11-28 10:12:54,15.375
727,2019-11-28 10:17:54,11.125
726,2019-11-28 10:27:54,14.625
725,2019-11-28 10:32:54,10.625
724,2019-11-28 10:42:54,10.625
723,2019-11-28 10:57:54,19.5
722,2019-11-28 11:07:54,22.75
721,2019-11-28 11:12:54,15.0
720,2019-11-28 11:17:54,15.25
719,2019-11-28 11:22:54,11.75
718,2019-11-28 11:27:54,17.0
717,2019-11-28 11:32:54,12.25
716,2019-11-28 11:47:54,16.875
715,2019-11-28 11:52:54,11.0
714,2019-11-28 12:07:54,15.875
713,2019-11-28 12:12:54,14.125
712,2019-11-28 12:17:54,15.875
711,2019-11-28 12:22:54,14.25
710,2019-11-28 12:27:54,7.125
709,2019-11-28 12:37:54,17.25
708,2019-11-28 12:42:54,14.625
707,2019-11-28 12:47:54,16.75
706,2019-11-28 12:52:54,9.75
705,2019-11-28 12:57:54,17.875
704,2019-11-28 13:12:54,13.375
703,2019-11-28 13:17:54,37.0
702,2019-11-28 13:27:53,11.875
701,2019-11-28 13:32:53,13.125
700,2019-11-28 13:37:53,13.125
699,2019-11-28 13:47:53,8.875
698,2019-11-28 13:52:53,11.5
697,2019-11-28 13:57:53,15.125
696,2019-11-28 14:02:53,13.0
695,2019-11-28 14:07:53,23.0
694,2019-11-28 14:12:53,12.875
693,2019-11-28 14:17:53,11.375
692,2019-11-28 14:22:53,13.5
691,2019-11-28 14:27:53,16.125
690,2019-11-28 14:32:53,14.875
689,2019-11-28 14:37:53,14.375
688,2019-11-28 15:22:53,17.125
687,2019-11-28 15:27:53,21.125
686,2019-11-28 15:32:53,13.625
685,2019-11-28 15:37:53,15.5
684,2019-11-28 15:42:53,16.75
683,2019-11-28 15:47:53,19.0
682,2019-11-28 15:52:53,14.125
681,2019-11-28 15:57:53,12.0
680,2019-11-28 16:02:53,13.125
679,2019-11-28 16:07:53,12.75
678,2019-11-28 16:12:53,16.25
677,2019-11-28 16:17:53,11.0
676,2019-11-28 16:22:53,14.625
675,2019-11-28 16:27:53,17.375
674,2019-11-28 16:32:53,15.375
673,2019-11-28 16:37:53,11.25
672,2019-11-28 16:42:53,22.125
671,2019-11-28 16:47:53,16.75
670,2019-11-28 16:52:53,10.375
669,2019-11-28 16:57:53,15.25
668,2019-11-28 17:02:53,13.75
667,2019-11-28 17:07:53,19.0
666,2019-11-28 17:12:53,11.0
665,2019-11-28 17:17:53,8.25
664,2019-11-28 17:22:53,14.625
663,2019-11-28 17:27:53,18.25
662,2019-11-28 17:32:53,13.75
661,2019-11-28 17:37:53,15.125
660,2019-11-28 17:42:53,14.375
659,2019-11-28 17:47:53,17.75
658,2019-11-28 17:52:53,20.5
657,2019-11-28 17:57:53,24.75
656,2019-11-28 18:02:53,12.25
655,2019-11-28 18:07:53,15.5
654,2019-11-28 18:12:52,14.25
653,2019-11-28 18:17:52,8.875
652,2019-11-28 18:22:52,14.0
651,2019-11-28 18:27:52,14.875
650,2019-11-28 18:32:52,13.75
649,2019-11-28 18:37:52,15.5
648,2019-11-28 18:42:52,13.125
647,2019-11-28 18:47:52,15.5
646,2019-11-28 18:52:52,13.0
645,2019-11-28 18:57:52,18.625
644,2019-11-28 19:02:52,14.125
643,2019-11-28 19:07:52,12.5
642,2019-11-28 19:12:52,11.0
641,2019-11-28 19:17:52,19.875
640,2019-11-28 19:22:52,16.75
639,2019-11-28 19:27:52,17.375
638,2019-11-28 19:32:52,13.375
637,2019-11-28 19:37:52,14.375
636,2019-11-28 19:42:52,17.5
635,2019-11-28 19:47:52,13.25
634,2019-11-28 19:52:52,12.125
633,2019-11-28 19:57:52,9.375
632,2019-11-28 20:02:52,15.75
631,2019-11-28 20:07:52,11.625
630,2019-11-28 20:12:52,15.75
629,2019-11-28 20:17:52,20.875
628,2019-11-28 20:22:52,15.75
627,2019-11-28 20:27:52,1.0
626,2019-11-28 20:32:52,1.0
625,2019-11-28 20:37:52,1.0
624,2019-11-28 20:42:52,15.5
623,2019-11-28 20:47:52,14.75
622,2019-11-28 20:53:57,16.75
621,2019-11-28 20:58:57,16.0
620,2019-11-28 21:03:57,16.875
619,2019-11-28 21:08:57,18.0
618,2019-11-28 21:13:57,19.125
617,2019-11-28 21:18:57,16.25
616,2019-11-28 21:23:57,16.5
615,2019-11-28 21:28:43,16.5
614,2019-11-28 21:33:43,15.75
613,2019-11-28 21:38:43,18.375
612,2019-11-28 21:43:43,25.875
611,2019-11-28 21:48:43,19.625
610,2019-11-28 21:53:43,15.75
609,2019-11-28 21:58:43,14.375
608,2019-11-28 22:03:42,15.625
607,2019-11-28 22:08:42,16.5
606,2019-11-28 22:13:42,16.375
605,2019-11-28 22:18:42,15.625
604,2019-11-28 22:23:42,22.875
603,2019-11-28 22:28:42,16.25
602,2019-11-28 22:33:42,19.75
601,2019-11-28 22:38:42,17.375
600,2019-11-28 22:43:42,15.75
599,2019-11-28 22:48:42,15.75
598,2019-11-28 22:53:42,17.5
597,2019-11-28 22:58:42,14.0
596,2019-11-28 23:03:42,22.375
595,2019-11-28 23:08:42,18.75
594,2019-11-28 23:13:42,18.25
593,2019-11-28 23:18:42,17.625
592,2019-11-28 23:23:42,25.375
591,2019-11-28 23:28:42,14.125
590,2019-11-28 23:33:42,17.375
589,2019-11-28 23:38:42,17.0
588,2019-11-28 23:43:42,16.375
587,2019-11-28 23:48:42,21.875
586,2019-11-28 23:53:42,19.625
585,2019-11-28 23:58:42,14.125
584,2019-11-29 00:03:42,20.25
583,2019-11-29 00:08:42,15.75
582,2019-11-29 00:13:42,19.125
581,2019-11-29 00:18:42,27.625
580,2019-11-29 00:23:42,14.625
579,2019-11-29 00:28:42,16.875
578,2019-11-29 00:33:42,23.125
577,2019-11-29 00:38:42,20.0
576,2019-11-29 00:43:42,17.5
575,2019-11-29 00:48:42,17.125
574,2019-11-29 00:53:42,24.125
573,2019-11-29 00:58:42,15.875
572,2019-11-29 01:03:42,17.75
571,2019-11-29 01:08:42,23.875
570,2019-11-29 01:13:42,26.625
569,2019-11-29 01:18:42,21.625
568,2019-11-29 01:23:42,39.125
567,2019-11-29 01:28:42,32.375
566,2019-11-29 01:33:42,29.625
565,2019-11-29 01:38:42,34.25
564,2019-11-29 01:43:42,26.5
563,2019-11-29 01:48:42,25.75
562,2019-11-29 01:53:42,27.125
561,2019-11-29 01:58:42,28.625
560,2019-11-29 02:03:42,28.125
559,2019-11-29 02:08:42,29.625
558,2019-11-29 02:13:42,44.375
557,2019-11-29 02:18:42,16.875
556,2019-11-29 02:23:42,17.875
555,2019-11-29 02:28:42,15.75
554,2019-11-29 02:33:42,18.625
553,2019-11-29 02:38:42,16.875
552,2019-11-29 02:43:42,20.0
551,2019-11-29 02:48:42,19.75
550,2019-11-29 02:53:42,19.375
549,2019-11-29 02:58:42,14.5
548,2019-11-29 03:03:42,14.125
547,2019-11-29 03:08:42,15.25
546,2019-11-29 03:13:42,13.5
545,2019-11-29 03:18:42,14.125
544,2019-11-29 03:23:42,13.625
543,2019-11-29 03:28:41,16.75
542,2019-11-29 03:33:41,16.125
541,2019-11-29 03:38:41,15.75
540,2019-11-29 03:43:41,14.75
539,2019-11-29 03:48:41,15.625
538,2019-11-29 03:53:41,15.625
537,2019-11-29 03:58:41,15.375
536,2019-11-29 04:03:41,15.0
535,2019-11-29 04:08:41,14.125
534,2019-11-29 04:13:41,14.625
533,2019-11-29 04:18:41,13.75
532,2019-11-29 04:23:41,15.375
531,2019-11-29 04:28:41,13.5
530,2019-11-29 04:33:41,13.75
529,2019-11-29 04:38:41,16.125
528,2019-11-29 04:43:41,14.25
527,2019-11-29 04:48:41,14.125
526,2019-11-29 04:53:41,14.375
525,2019-11-29 04:58:40,15.75
524,2019-11-29 05:03:39,15.0
523,2019-11-29 05:08:39,15.0
522,2019-11-29 05:13:39,15.125
521,2019-11-29 05:18:39,17.0
520,2019-11-29 05:23:39,18.625
519,2019-11-29 05:28:39,15.375
518,2019-11-29 05:33:39,14.5
517,2019-11-29 05:38:39,14.25
516,2019-11-29 05:43:39,15.125
515,2019-11-29 05:48:39,18.125
514,2019-11-29 05:53:39,16.25
513,2019-11-29 05:58:39,14.375
512,2019-11-29 06:03:39,16.375
511,2019-11-29 06:08:38,14.625
510,2019-11-29 06:13:38,16.25
509,2019-11-29 06:18:38,15.0
508,2019-11-29 06:23:38,15.0
507,2019-11-29 06:28:38,14.375
506,2019-11-29 06:33:38,15.75
505,2019-11-29 06:38:38,15.625
504,2019-11-29 06:43:38,16.125
503,2019-11-29 06:48:38,14.5
502,2019-11-29 06:53:38,14.25
501,2019-11-29 06:58:38,15.125
500,2019-11-29 07:03:38,12.75
499,2019-11-29 07:08:38,6.5
498,2019-11-29 07:13:38,11.5
497,2019-11-29 07:18:37,7.375
496,2019-11-29 07:23:37,8.125
495,2019-11-29 07:28:37,7.375
494,2019-11-29 07:33:37,8.5
493,2019-11-29 07:38:37,5.375
492,2019-11-29 07:43:37,9.875
491,2019-11-29 07:48:37,8.75
490,2019-11-29 07:53:37,6.75
489,2019-11-29 07:58:37,7.75
488,2019-11-29 08:07:45,6.75
487,2019-11-29 08:12:45,13.0
486,2019-11-29 08:17:45,7.875
485,2019-11-29 08:22:45,6.625
484,2019-11-29 08:27:45,7.375
483,2019-11-29 08:32:45,10.375
482,2019-11-29 08:37:45,9.875
481,2019-11-29 08:42:45,9.625
480,2019-11-29 08:47:45,7.5
479,2019-11-29 08:52:45,12.625
478,2019-11-29 08:57:45,7.5
477,2019-11-29 09:02:45,12.75
476,2019-11-29 09:07:45,8.0
475,2019-11-29 09:12:45,10.625
474,2019-11-29 09:17:45,10.875
473,2019-11-29 09:22:45,9.375
472,2019-11-29 09:27:45,9.125
471,2019-11-29 09:32:45,9.875
470,2019-11-29 09:37:45,9.75
469,2019-11-29 09:42:45,13.5
468,2019-11-29 09:47:45,8.5
467,2019-11-29 09:52:45,5.25
466,2019-11-29 09:57:45,10.375
465,2019-11-29 10:02:45,11.0
464,2019-11-29 10:07:45,8.5
463,2019-11-29 10:12:45,7.5
462,2019-11-29 10:17:45,7.5
461,2019-11-29 10:22:45,9.25
460,2019-11-29 10:27:45,12.5
459,2019-11-29 10:32:45,8.0
458,2019-11-29 10:37:45,9.75
457,2019-11-29 10:42:45,8.25
456,2019-11-29 10:47:45,6.625
455,2019-11-29 10:52:45,11.375
454,2019-11-29 10:57:45,7.75
453,2019-11-29 11:02:45,9.375
452,2019-11-29 11:07:45,10.125
451,2019-11-29 11:12:45,10.0
450,2019-11-29 11:19:03,12.625
449,2019-11-29 11:24:03,13.625
448,2019-11-29 11:29:03,9.125
447,2019-11-29 11:34:03,14.625
446,2019-11-29 11:39:03,10.5
445,2019-11-29 11:44:03,12.625
444,2019-11-29 11:49:03,8.875
443,2019-11-29 11:54:03,22.0
442,2019-11-29 11:59:03,14.375
441,2019-11-29 12:04:03,11.125
440,2019-11-29 12:09:03,9.375
439,2019-11-29 12:14:03,11.0
438,2019-11-29 12:19:03,10.5
437,2019-11-29 12:24:03,10.875
436,2019-11-29 12:29:03,9.75
435,2019-11-29 12:34:03,14.25
434,2019-11-29 12:39:03,12.75
433,2019-11-29 12:44:03,12.0
432,2019-11-29 12:49:03,11.375
431,2019-11-29 12:54:03,17.0
430,2019-11-29 12:59:03,9.5
429,2019-11-29 13:04:03,14.125
428,2019-11-29 13:09:03,15.625
427,2019-11-29 13:14:03,9.375
426,2019-11-29 13:19:03,11.875
425,2019-11-29 13:24:03,11.125
424,2019-11-29 13:29:03,8.875
423,2019-11-29 13:34:03,10.75
422,2019-11-29 13:39:03,10.125
421,2019-11-29 13:44:03,14.875
420,2019-11-29 13:49:03,11.125
419,2019-11-29 13:54:03,14.875
418,2019-11-29 13:59:03,7.875
417,2019-11-29 14:04:03,12.5
416,2019-11-29 14:09:03,11.875
415,2019-11-29 14:14:03,11.375
414,2019-11-29 14:19:03,9.5
413,2019-11-29 14:24:03,14.875
412,2019-11-29 14:29:03,11.25
411,2019-11-29 14:34:03,14.375
410,2019-11-29 14:39:03,13.625
409,2019-11-29 14:44:03,14.625
408,2019-11-29 14:49:03,13.625
407,2019-11-29 14:54:03,10.875
406,2019-11-29 14:59:03,13.25
405,2019-11-29 15:04:03,16.75
404,2019-11-29 15:09:03,19.125
403,2019-11-29 15:14:03,15.75
402,2019-11-29 15:19:03,11.375
401,2019-11-29 15:24:03,16.125
400,2019-11-29 15:29:03,14.25
399,2019-11-29 15:34:03,12.625
398,2019-11-29 15:39:03,15.125
397,2019-11-29 15:44:03,11.5
396,2019-11-29 15:49:03,14.25
395,2019-11-29 15:54:02,17.75
394,2019-11-29 15:59:01,11.75
393,2019-11-29 16:04:00,10.25
392,2019-11-29 16:09:00,12.25
391,2019-11-29 16:14:00,13.75
390,2019-11-29 16:19:00,11.0
389,2019-11-29 16:24:00,15.25
388,2019-11-29 16:29:00,16.25
387,2019-11-29 16:34:00,16.125
386,2019-11-29 16:39:00,12.125
385,2019-11-29 16:44:00,8.5
384,2019-11-29 16:49:00,9.875
383,2019-11-29 16:54:00,14.875
382,2019-11-29 16:59:00,11.125
381,2019-11-29 17:04:00,20.375
380,2019-11-29 17:09:00,14.75
379,2019-11-29 17:14:00,11.75
378,2019-11-29 17:19:00,11.25
377,2019-11-29 17:23:59,13.125
376,2019-11-29 17:28:59,11.875
375,2019-11-29 17:33:59,19.875
374,2019-11-29 17:38:59,14.0
373,2019-11-29 17:43:59,11.375
372,2019-11-29 17:48:59,12.375
371,2019-11-29 17:53:59,18.0
370,2019-11-29 17:58:59,12.375
369,2019-11-29 18:03:59,13.375
368,2019-11-29 18:08:59,14.625
367,2019-11-29 18:13:59,11.0
366,2019-11-29 18:18:59,17.0
365,2019-11-29 18:23:59,15.5
364,2019-11-29 18:28:59,10.375
363,2019-11-29 18:33:59,10.625
362,2019-11-29 18:38:59,15.625
361,2019-11-29 18:43:59,12.875
360,2019-11-29 18:48:59,16.125
359,2019-11-29 18:53:59,17.25
358,2019-11-29 18:58:59,11.375
357,2019-11-29 19:03:59,14.25
356,2019-11-29 19:08:59,12.125
355,2019-11-29 19:13:59,13.0
354,2019-11-29 19:18:59,12.625
353,2019-11-29 19:23:59,13.25
352,2019-11-29 19:28:59,13.125
351,2019-11-29 19:33:59,16.125
350,2019-11-29 19:38:59,14.875
349,2019-11-29 19:43:59,20.125
348,2019-11-29 19:48:59,15.625
347,2019-11-29 19:53:59,14.125
346,2019-11-29 19:58:59,11.5
345,2019-11-29 20:03:59,12.75
344,2019-11-29 20:08:59,11.125
343,2019-11-29 20:13:59,15.875
342,2019-11-29 20:18:59,17.5
341,2019-11-29 20:23:59,19.875
340,2019-11-29 20:28:59,14.5
339,2019-11-29 20:33:59,13.375
338,2019-11-29 20:38:59,11.25
337,2019-11-29 20:43:59,15.375
336,2019-11-29 20:48:59,13.25
335,2019-11-29 20:53:59,16.25
334,2019-11-29 20:58:58,10.625
333,2019-11-29 21:03:58,10.375
332,2019-11-29 21:08:58,10.625
331,2019-11-29 21:13:58,16.25
330,2019-11-29 21:18:58,18.0
329,2019-11-29 21:23:58,13.125
328,2019-11-29 21:28:58,15.875
327,2019-11-29 21:33:58,18.375
326,2019-11-29 21:38:58,12.5
325,2019-11-29 21:43:58,14.625
324,2019-11-29 21:48:58,24.5
323,2019-11-29 21:53:58,19.75
322,2019-11-29 21:58:58,16.125
321,2019-11-29 22:03:58,14.5
320,2019-11-29 22:08:58,8.5
319,2019-11-29 22:13:58,10.625
318,2019-11-29 22:18:58,14.875
317,2019-11-29 22:23:58,17.625
316,2019-11-29 22:28:58,12.5
315,2019-11-29 22:33:58,14.625
314,2019-11-29 22:38:58,17.25
313,2019-11-29 22:43:57,16.75
312,2019-11-29 22:48:56,18.125
311,2019-11-29 22:53:56,16.0
310,2019-11-29 22:58:56,19.625
309,2019-11-29 23:03:56,16.0
308,2019-11-29 23:08:56,15.125
307,2019-11-29 23:13:56,9.75
306,2019-11-29 23:18:56,12.125
305,2019-11-29 23:23:56,15.5
304,2019-11-29 23:28:56,22.875
303,2019-11-29 23:33:56,15.5
302,2019-11-29 23:38:56,16.25
301,2019-11-29 23:43:56,16.875
300,2019-11-29 23:48:56,19.375
299,2019-11-29 23:53:56,16.625
298,2019-11-29 23:58:56,8.25
297,2019-11-30 00:03:56,8.875
296,2019-11-30 00:08:56,10.875
295,2019-11-30 00:13:56,3.25
294,2019-11-30 00:18:56,3.875
293,2019-11-30 00:23:56,3.875
292,2019-11-30 00:28:56,4.0
291,2019-11-30 00:33:56,4.625
290,2019-11-30 00:38:56,3.75
289,2019-11-30 00:43:56,3.875
288,2019-11-30 00:48:56,4.0
287,2019-11-30 00:53:56,4.75
286,2019-11-30 00:58:56,5.5
285,2019-11-30 01:03:56,13.875
284,2019-11-30 01:08:56,15.0
283,2019-11-30 01:13:56,17.25
282,2019-11-30 01:18:56,17.5
281,2019-11-30 01:23:55,19.25
280,2019-11-30 01:28:55,18.25
279,2019-11-30 01:33:55,18.5
278,2019-11-30 01:38:55,16.75
277,2019-11-30 01:43:55,18.875
276,2019-11-30 01:48:55,19.0
275,2019-11-30 01:53:55,20.125
274,2019-11-30 01:58:55,17.25
273,2019-11-30 02:03:55,35.125
272,2019-11-30 02:08:55,26.75
271,2019-11-30 02:13:55,17.5
270,2019-11-30 02:18:55,18.75
269,2019-11-30 02:23:55,16.625
268,2019-11-30 02:28:55,19.875
267,2019-11-30 02:33:55,22.375
266,2019-11-30 02:38:55,11.875
265,2019-11-30 02:43:55,12.625
264,2019-11-30 02:48:54,6.625
263,2019-11-30 02:53:54,9.375
262,2019-11-30 02:58:54,9.5
261,2019-11-30 03:03:54,6.75
260,2019-11-30 03:08:53,7.25
259,2019-11-30 03:13:53,7.5
258,2019-11-30 03:18:53,11.75
257,2019-11-30 03:23:53,11.25
256,2019-11-30 03:28:53,7.0
255,2019-11-30 03:33:53,5.375
254,2019-11-30 03:38:53,9.0
253,2019-11-30 03:43:53,9.0
252,2019-11-30 03:48:53,5.875
251,2019-11-30 03:53:53,8.125
250,2019-11-30 03:58:53,6.0
249,2019-11-30 04:03:53,9.0
248,2019-11-30 04:08:53,14.25
247,2019-11-30 04:13:53,15.125
246,2019-11-30 04:18:53,15.5
245,2019-11-30 04:23:53,12.75
244,2019-11-30 04:28:53,5.875
243,2019-11-30 04:33:53,8.25
242,2019-11-30 04:38:53,6.375
241,2019-11-30 04:43:53,9.25
240,2019-11-30 04:48:53,7.5
239,2019-11-30 04:53:53,8.0
238,2019-11-30 04:58:53,9.5
237,2019-11-30 05:03:53,11.75
236,2019-11-30 05:08:53,7.75
235,2019-11-30 05:13:53,8.5
234,2019-11-30 05:18:53,14.875
233,2019-11-30 05:23:53,15.0
232,2019-11-30 05:28:53,15.25
231,2019-11-30 05:33:53,17.0
230,2019-11-30 05:38:53,16.5
229,2019-11-30 05:43:53,14.625
228,2019-11-30 05:48:53,17.0
227,2019-11-30 05:53:53,17.0
226,2019-11-30 05:58:53,15.25
225,2019-11-30 06:03:53,16.125
224,2019-11-30 06:08:53,16.5
223,2019-11-30 06:13:53,16.25
222,2019-11-30 06:18:53,14.5
221,2019-11-30 06:23:52,17.375
220,2019-11-30 06:28:51,20.625
219,2019-11-30 06:33:51,18.75
218,2019-11-30 06:38:51,6.75
217,2019-11-30 06:43:51,8.625
216,2019-11-30 06:48:51,7.125
215,2019-11-30 06:53:51,12.875
214,2019-11-30 06:58:51,7.875
213,2019-11-30 07:03:51,11.0
212,2019-11-30 07:08:51,7.125
211,2019-11-30 07:13:51,8.5
210,2019-11-30 07:18:51,6.25
209,2019-11-30 07:23:51,10.875
208,2019-11-30 07:28:51,6.125
207,2019-11-30 07:33:50,11.625
206,2019-11-30 07:38:50,11.625
205,2019-11-30 07:43:50,12.625
204,2019-11-30 07:48:50,11.75
203,2019-11-30 07:53:50,9.875
202,2019-11-30 07:58:50,10.75
201,2019-11-30 08:03:50,8.0
200,2019-11-30 08:08:50,7.5
199,2019-11-30 08:13:50,13.25
198,2019-11-30 08:18:50,16.625
197,2019-11-30 08:23:50,14.125
196,2019-11-30 08:28:50,6.375
195,2019-11-30 08:33:50,10.125
194,2019-11-30 08:38:50,9.25
193,2019-11-30 08:43:50,10.625
192,2019-11-30 08:48:50,14.25
191,2019-11-30 08:53:50,14.375
190,2019-11-30 08:58:50,7.625
189,2019-11-30 09:03:50,8.625
188,2019-11-30 09:08:50,8.0
187,2019-11-30 09:13:50,14.75
186,2019-11-30 09:18:50,6.75
185,2019-11-30 09:23:50,13.875
184,2019-11-30 09:28:50,10.875
183,2019-11-30 09:33:50,13.75
182,2019-11-30 09:38:50,8.0
181,2019-11-30 09:43:50,9.625
180,2019-11-30 09:48:50,7.5
179,2019-11-30 09:53:50,9.75
178,2019-11-30 09:58:50,10.375
177,2019-11-30 10:03:50,17.5
176,2019-11-30 10:08:50,10.25
175,2019-11-30 10:13:50,12.25
174,2019-11-30 10:18:50,12.125
173,2019-11-30 10:23:50,15.375
172,2019-11-30 10:28:49,9.875
171,2019-11-30 10:33:49,13.0
170,2019-11-30 10:38:49,9.875
169,2019-11-30 10:43:49,13.75
168,2019-11-30 10:48:49,9.5
167,2019-11-30 10:53:49,12.375
166,2019-11-30 10:58:49,9.25
165,2019-11-30 11:03:49,11.125
164,2019-11-30 11:08:49,8.125
163,2019-11-30 11:13:49,12.625
162,2019-11-30 11:18:49,13.875
161,2019-11-30 11:23:48,13.5
160,2019-11-30 11:28:48,13.75
159,2019-11-30 11:33:48,14.625
158,2019-11-30 11:38:48,12.0
157,2019-11-30 11:43:48,13.875
156,2019-11-30 11:48:48,10.875
155,2019-11-30 11:53:48,14.0
154,2019-11-30 11:58:48,11.5
153,2019-11-30 12:03:48,13.5
152,2019-11-30 12:08:48,12.5
151,2019-11-30 12:13:48,14.375
150,2019-11-30 12:18:48,12.375
149,2019-11-30 12:23:48,19.375
148,2019-11-30 12:28:48,10.125
147,2019-11-30 12:33:48,10.75
146,2019-11-30 12:38:48,9.5
145,2019-11-30 12:43:48,13.375
144,2019-11-30 12:48:48,13.0
143,2019-11-30 12:53:48,9.75
142,2019-11-30 12:58:48,12.25
141,2019-11-30 13:03:48,13.75
140,2019-11-30 13:08:48,11.875
139,2019-11-30 13:13:48,14.25
138,2019-11-30 13:18:48,11.75
137,2019-11-30 13:23:47,16.375
136,2019-11-30 13:28:47,15.0
135,2019-11-30 13:33:47,18.75
134,2019-11-30 13:38:47,11.625
133,2019-11-30 13:43:47,9.875
132,2019-11-30 13:48:47,11.25
131,2019-11-30 13:53:47,13.75
130,2019-11-30 13:58:47,13.0
129,2019-11-30 14:03:47,14.625
128,2019-11-30 14:08:47,13.75
127,2019-11-30 14:13:47,11.5
126,2019-11-30 14:18:47,7.0
125,2019-11-30 14:23:47,15.875
124,2019-11-30 14:28:47,8.25
123,2019-11-30 14:33:47,15.625
122,2019-11-30 14:38:47,14.375
121,2019-11-30 14:43:47,12.625
120,2019-11-30 14:48:47,14.125
119,2019-11-30 14:53:47,13.5
118,2019-11-30 14:58:47,8.875
117,2019-11-30 15:03:47,13.75
116,2019-11-30 15:08:47,10.875
115,2019-11-30 15:13:47,12.5
114,2019-11-30 15:18:47,9.0
113,2019-11-30 15:23:47,14.125
112,2019-11-30 15:28:47,13.25
111,2019-11-30 15:33:47,12.375
110,2019-11-30 15:38:47,13.25
109,2019-11-30 15:43:47,12.875
108,2019-11-30 15:48:47,8.875
107,2019-11-30 15:53:47,13.125
106,2019-11-30 15:58:47,10.25
105,2019-11-30 16:03:47,12.0
104,2019-11-30 16:08:47,11.5
103,2019-11-30 16:13:47,15.5
102,2019-11-30 16:18:47,8.75
101,2019-11-30 16:23:47,17.125
100,2019-11-30 16:28:47,7.25
99,2019-11-30 16:33:46,13.0
98,2019-11-30 16:38:46,10.625
97,2019-11-30 16:43:46,10.125
96,2019-11-30 16:48:46,12.0
95,2019-11-30 16:53:46,16.0
94,2019-11-30 16:58:46,6.75
93,2019-11-30 17:03:46,15.875
92,2019-11-30 17:08:46,10.625
91,2019-11-30 17:13:46,15.0
90,2019-11-30 17:18:46,10.625
89,2019-11-30 17:23:46,13.375
88,2019-11-30 17:28:46,9.0
87,2019-11-30 17:33:46,15.25
86,2019-11-30 17:38:46,12.25
85,2019-11-30 17:43:46,15.875
84,2019-11-30 17:48:46,11.625
83,2019-11-30 17:53:46,18.125
82,2019-11-30 17:58:46,10.5
81,2019-11-30 18:03:46,14.0
80,2019-11-30 18:08:46,11.625
79,2019-11-30 18:13:46,13.0
78,2019-11-30 18:18:46,13.875
77,2019-11-30 18:23:46,16.25
76,2019-11-30 18:28:46,13.5
75,2019-11-30 18:33:46,11.875
74,2019-11-30 18:38:46,12.5
73,2019-11-30 18:43:46,12.625
72,2019-11-30 18:48:46,13.0
71,2019-11-30 18:53:46,15.75
70,2019-11-30 18:58:46,12.25
69,2019-11-30 19:03:46,15.875
68,2019-11-30 19:08:46,14.25
67,2019-11-30 19:13:46,18.75
66,2019-11-30 19:18:46,8.875
65,2019-11-30 19:23:46,17.625
64,2019-11-30 19:28:46,10.75
63,2019-11-30 19:33:46,13.125
62,2019-11-30 19:38:46,17.0
61,2019-11-30 19:43:46,11.0
60,2019-11-30 19:48:46,8.875
59,2019-11-30 19:53:46,15.75
58,2019-11-30 19:58:46,13.75
57,2019-11-30 20:03:45,12.875
56,2019-11-30 20:08:45,15.625
55,2019-11-30 20:13:45,14.125
54,2019-11-30 20:18:45,9.875
53,2019-11-30 20:23:45,12.875
52,2019-11-30 20:28:45,10.0
51,2019-11-30 20:33:45,13.0
50,2019-11-30 20:38:45,14.0
49,2019-11-30 20:43:45,14.0
48,2019-11-30 20:48:45,9.625
47,2019-11-30 20:53:45,13.375
46,2019-11-30 20:58:45,15.75
45,2019-11-30 21:03:45,7.625
44,2019-11-30 21:08:45,15.25
43,2019-11-30 21:13:45,13.875
42,2019-11-30 21:18:45,9.875
41,2019-11-30 21:23:45,19.875
40,2019-11-30 21:28:45,11.25
39,2019-11-30 21:33:45,34.25
38,2019-11-30 21:38:45,17.25
37,2019-11-30 21:43:45,14.5
36,2019-11-30 21:48:45,14.625
35,2019-11-30 21:53:45,18.875
34,2019-11-30 21:58:45,16.125
33,2019-11-30 22:03:45,15.625
32,2019-11-30 22:08:45,18.375
31,2019-11-30 22:13:45,16.75
30,2019-11-30 22:18:45,16.5
29,2019-11-30 22:23:45,27.0
28,2019-11-30 22:28:45,19.0
27,2019-11-30 22:33:45,16.625
26,2019-11-30 22:38:45,13.375
25,2019-11-30 22:43:45,18.0
24,2019-11-30 22:48:45,16.125
23,2019-11-30 22:53:45,25.625
22,2019-11-30 22:58:45,10.25
21,2019-11-30 23:03:45,8.75
20,2019-11-30 23:08:45,34.25
19,2019-11-30 23:13:45,14.25
18,2019-11-30 23:18:44,12.0
17,2019-11-30 23:23:44,20.0
16,2019-11-30 23:28:44,14.375
15,2019-11-30 23:33:44,17.875
14,2019-11-30 23:38:44,18.125
13,2019-11-30 23:43:44,24.0
12,2019-11-30 23:48:44,18.75
11,2019-11-30 23:53:44,18.5
10,2019-11-30 23:58:43,15.375
9,2019-12-01 00:03:43,17.375
8,2019-12-01 00:08:43,8.5
7,2019-12-01 00:13:43,1.875
6,2019-12-01 00:18:43,2.25
5,2019-12-01 00:23:43,2.125
4,2019-12-01 00:28:43,13.75
3,2019-12-01 00:33:43,13.5
2,2019-12-01 00:38:43,13.375
1,2019-12-01 00:43:43,13.5
0,2019-12-01 00:48:43,13.375
